suite_name,model_name,base_parameters,result_type,result_parameter,mean_value,std_value,cv_value,mmap,n_prompt,n_gen
pn_sweep_step-p64-n32_mmp01,qwen2_5_0_5b,"{""mmap"": 0, ""n_prompt"": 1024, ""n_gen"": 32}",pp,1024,68.75,0.06,0.08727272727272728,0,1024,32
pn_sweep_step-p64-n32_mmp01,qwen2_5_0_5b,"{""mmap"": 0, ""n_prompt"": 1024, ""n_gen"": 64}",pp,1024,68.66,0.01,0.014564520827264785,0,1024,64
pn_sweep_step-p64-n32_mmp01,qwen2_5_0_5b,"{""mmap"": 0, ""n_prompt"": 1024, ""n_gen"": 96}",pp,1024,68.73,0.06,0.08729812309035355,0,1024,96
pn_sweep_step-p64-n32_mmp01,qwen2_5_0_5b,"{""mmap"": 0, ""n_prompt"": 1024, ""n_gen"": 128}",pp,1024,68.75,0.04,0.05818181818181818,0,1024,128
pn_sweep_step-p64-n32_mmp01,qwen2_5_0_5b,"{""mmap"": 1, ""n_prompt"": 1024, ""n_gen"": 32}",pp,1024,68.79,0.06,0.08722197993894461,1,1024,32
pn_sweep_step-p64-n32_mmp01,qwen2_5_0_5b,"{""mmap"": 1, ""n_prompt"": 1024, ""n_gen"": 64}",pp,1024,68.78,0.06,0.08723466123873218,1,1024,64
pn_sweep_step-p64-n32_mmp01,qwen2_5_0_5b,"{""mmap"": 1, ""n_prompt"": 1024, ""n_gen"": 96}",pp,1024,68.7,0.06,0.08733624454148471,1,1024,96
pn_sweep_step-p64-n32_mmp01,qwen2_5_0_5b,"{""mmap"": 1, ""n_prompt"": 1024, ""n_gen"": 128}",pp,1024,68.75,0.09,0.13090909090909092,1,1024,128
pn_sweep_step-p64-n32_mmp01,qwen2_5_0_5b,"{""mmap"": 0, ""n_prompt"": 128, ""n_gen"": 32}",pp,128,85.06,0.1,0.11756407241946862,0,128,32
pn_sweep_step-p64-n32_mmp01,qwen2_5_0_5b,"{""mmap"": 0, ""n_prompt"": 128, ""n_gen"": 64}",pp,128,84.97,0.09,0.10591973637754501,0,128,64
pn_sweep_step-p64-n32_mmp01,qwen2_5_0_5b,"{""mmap"": 0, ""n_prompt"": 128, ""n_gen"": 96}",pp,128,84.96,0.09,0.1059322033898305,0,128,96
pn_sweep_step-p64-n32_mmp01,qwen2_5_0_5b,"{""mmap"": 0, ""n_prompt"": 128, ""n_gen"": 128}",pp,128,84.99,0.09,0.10589481115425345,0,128,128
pn_sweep_step-p64-n32_mmp01,qwen2_5_0_5b,"{""mmap"": 1, ""n_prompt"": 128, ""n_gen"": 32}",pp,128,85.27,0.11,0.12900199366717488,1,128,32
pn_sweep_step-p64-n32_mmp01,qwen2_5_0_5b,"{""mmap"": 1, ""n_prompt"": 128, ""n_gen"": 64}",pp,128,85.21,0.1,0.11735711770918908,1,128,64
pn_sweep_step-p64-n32_mmp01,qwen2_5_0_5b,"{""mmap"": 1, ""n_prompt"": 128, ""n_gen"": 96}",pp,128,85.23,0.09,0.10559662090813093,1,128,96
pn_sweep_step-p64-n32_mmp01,qwen2_5_0_5b,"{""mmap"": 1, ""n_prompt"": 128, ""n_gen"": 128}",pp,128,85.15,0.12,0.14092777451556077,1,128,128
pn_sweep_step-p64-n32_mmp01,qwen2_5_0_5b,"{""mmap"": 0, ""n_prompt"": 192, ""n_gen"": 32}",pp,192,91.88,0.09,0.0979538528515455,0,192,32
pn_sweep_step-p64-n32_mmp01,qwen2_5_0_5b,"{""mmap"": 0, ""n_prompt"": 192, ""n_gen"": 64}",pp,192,91.86,0.12,0.13063357282821686,0,192,64
pn_sweep_step-p64-n32_mmp01,qwen2_5_0_5b,"{""mmap"": 0, ""n_prompt"": 192, ""n_gen"": 96}",pp,192,91.87,0.11,0.1197344073146838,0,192,96
pn_sweep_step-p64-n32_mmp01,qwen2_5_0_5b,"{""mmap"": 0, ""n_prompt"": 192, ""n_gen"": 128}",pp,192,91.87,0.11,0.1197344073146838,0,192,128
pn_sweep_step-p64-n32_mmp01,qwen2_5_0_5b,"{""mmap"": 1, ""n_prompt"": 192, ""n_gen"": 32}",pp,192,92.09,0.13,0.14116625040721034,1,192,32
pn_sweep_step-p64-n32_mmp01,qwen2_5_0_5b,"{""mmap"": 1, ""n_prompt"": 192, ""n_gen"": 64}",pp,192,92.04,0.16,0.1738374619730552,1,192,64
pn_sweep_step-p64-n32_mmp01,qwen2_5_0_5b,"{""mmap"": 1, ""n_prompt"": 192, ""n_gen"": 96}",pp,192,92.1,0.14,0.15200868621064065,1,192,96
pn_sweep_step-p64-n32_mmp01,qwen2_5_0_5b,"{""mmap"": 1, ""n_prompt"": 192, ""n_gen"": 128}",pp,192,92.08,0.16,0.1737619461337967,1,192,128
pn_sweep_step-p64-n32_mmp01,qwen2_5_0_5b,"{""mmap"": 0, ""n_prompt"": 256, ""n_gen"": 32}",pp,256,83.11,0.1,0.1203224642040669,0,256,32
pn_sweep_step-p64-n32_mmp01,qwen2_5_0_5b,"{""mmap"": 0, ""n_prompt"": 256, ""n_gen"": 64}",pp,256,83.12,0.1,0.1203079884504331,0,256,64
pn_sweep_step-p64-n32_mmp01,qwen2_5_0_5b,"{""mmap"": 0, ""n_prompt"": 256, ""n_gen"": 96}",pp,256,83.1,0.08,0.09626955475330927,0,256,96
pn_sweep_step-p64-n32_mmp01,qwen2_5_0_5b,"{""mmap"": 0, ""n_prompt"": 256, ""n_gen"": 128}",pp,256,83.07,0.08,0.09630432165643434,0,256,128
pn_sweep_step-p64-n32_mmp01,qwen2_5_0_5b,"{""mmap"": 1, ""n_prompt"": 256, ""n_gen"": 32}",pp,256,83.15,0.12,0.1443174984966927,1,256,32
pn_sweep_step-p64-n32_mmp01,qwen2_5_0_5b,"{""mmap"": 1, ""n_prompt"": 256, ""n_gen"": 64}",pp,256,83.16,0.11,0.1322751322751323,1,256,64
pn_sweep_step-p64-n32_mmp01,qwen2_5_0_5b,"{""mmap"": 1, ""n_prompt"": 256, ""n_gen"": 96}",pp,256,83.14,0.11,0.13230695212893911,1,256,96
pn_sweep_step-p64-n32_mmp01,qwen2_5_0_5b,"{""mmap"": 1, ""n_prompt"": 256, ""n_gen"": 128}",pp,256,83.13,0.12,0.14435221941537352,1,256,128
pn_sweep_step-p64-n32_mmp01,qwen2_5_0_5b,"{""mmap"": 0, ""n_prompt"": 320, ""n_gen"": 32}",pp,320,85.98,0.11,0.1279367294719702,0,320,32
pn_sweep_step-p64-n32_mmp01,qwen2_5_0_5b,"{""mmap"": 0, ""n_prompt"": 320, ""n_gen"": 64}",pp,320,85.98,0.1,0.11630611770179111,0,320,64
pn_sweep_step-p64-n32_mmp01,qwen2_5_0_5b,"{""mmap"": 0, ""n_prompt"": 320, ""n_gen"": 96}",pp,320,85.91,0.12,0.13968106157606797,0,320,96
pn_sweep_step-p64-n32_mmp01,qwen2_5_0_5b,"{""mmap"": 0, ""n_prompt"": 320, ""n_gen"": 128}",pp,320,85.98,0.11,0.1279367294719702,0,320,128
pn_sweep_step-p64-n32_mmp01,qwen2_5_0_5b,"{""mmap"": 1, ""n_prompt"": 320, ""n_gen"": 32}",pp,320,85.92,0.14,0.16294227188081936,1,320,32
pn_sweep_step-p64-n32_mmp01,qwen2_5_0_5b,"{""mmap"": 1, ""n_prompt"": 320, ""n_gen"": 64}",pp,320,85.95,0.16,0.18615474112856312,1,320,64
pn_sweep_step-p64-n32_mmp01,qwen2_5_0_5b,"{""mmap"": 1, ""n_prompt"": 320, ""n_gen"": 96}",pp,320,85.9,0.18,0.20954598370197902,1,320,96
pn_sweep_step-p64-n32_mmp01,qwen2_5_0_5b,"{""mmap"": 1, ""n_prompt"": 320, ""n_gen"": 128}",pp,320,85.93,0.14,0.16292330967066218,1,320,128
pn_sweep_step-p64-n32_mmp01,qwen2_5_0_5b,"{""mmap"": 0, ""n_prompt"": 384, ""n_gen"": 32}",pp,384,87.39,0.17,0.19453026662089484,0,384,32
pn_sweep_step-p64-n32_mmp01,qwen2_5_0_5b,"{""mmap"": 0, ""n_prompt"": 384, ""n_gen"": 64}",pp,384,87.36,0.14,0.16025641025641027,0,384,64
pn_sweep_step-p64-n32_mmp01,qwen2_5_0_5b,"{""mmap"": 0, ""n_prompt"": 384, ""n_gen"": 96}",pp,384,87.43,0.14,0.1601281024819856,0,384,96
pn_sweep_step-p64-n32_mmp01,qwen2_5_0_5b,"{""mmap"": 0, ""n_prompt"": 384, ""n_gen"": 128}",pp,384,87.43,0.14,0.1601281024819856,0,384,128
pn_sweep_step-p64-n32_mmp01,qwen2_5_0_5b,"{""mmap"": 1, ""n_prompt"": 384, ""n_gen"": 32}",pp,384,87.45,0.12,0.13722126929674097,1,384,32
pn_sweep_step-p64-n32_mmp01,qwen2_5_0_5b,"{""mmap"": 1, ""n_prompt"": 384, ""n_gen"": 64}",pp,384,87.47,0.14,0.16005487595747114,1,384,64
pn_sweep_step-p64-n32_mmp01,qwen2_5_0_5b,"{""mmap"": 1, ""n_prompt"": 384, ""n_gen"": 96}",pp,384,87.44,0.11,0.12580054894784995,1,384,96
pn_sweep_step-p64-n32_mmp01,qwen2_5_0_5b,"{""mmap"": 1, ""n_prompt"": 384, ""n_gen"": 128}",pp,384,87.44,0.17,0.19441903019213178,1,384,128
pn_sweep_step-p64-n32_mmp01,qwen2_5_0_5b,"{""mmap"": 0, ""n_prompt"": 448, ""n_gen"": 32}",pp,448,81.4,0.1,0.12285012285012285,0,448,32
pn_sweep_step-p64-n32_mmp01,qwen2_5_0_5b,"{""mmap"": 0, ""n_prompt"": 448, ""n_gen"": 64}",pp,448,81.36,0.1,0.12291052114060964,0,448,64
pn_sweep_step-p64-n32_mmp01,qwen2_5_0_5b,"{""mmap"": 0, ""n_prompt"": 448, ""n_gen"": 96}",pp,448,81.34,0.07,0.08605851979345956,0,448,96
pn_sweep_step-p64-n32_mmp01,qwen2_5_0_5b,"{""mmap"": 0, ""n_prompt"": 448, ""n_gen"": 128}",pp,448,81.38,0.07,0.08601622020152372,0,448,128
pn_sweep_step-p64-n32_mmp01,qwen2_5_0_5b,"{""mmap"": 1, ""n_prompt"": 448, ""n_gen"": 32}",pp,448,81.33,0.13,0.15984261650067627,1,448,32
pn_sweep_step-p64-n32_mmp01,qwen2_5_0_5b,"{""mmap"": 1, ""n_prompt"": 448, ""n_gen"": 64}",pp,448,81.4,0.13,0.1597051597051597,1,448,64
pn_sweep_step-p64-n32_mmp01,qwen2_5_0_5b,"{""mmap"": 1, ""n_prompt"": 448, ""n_gen"": 96}",pp,448,81.39,0.14,0.17201130359995087,1,448,96
pn_sweep_step-p64-n32_mmp01,qwen2_5_0_5b,"{""mmap"": 1, ""n_prompt"": 448, ""n_gen"": 128}",pp,448,81.36,0.15,0.18436578171091444,1,448,128
pn_sweep_step-p64-n32_mmp01,qwen2_5_0_5b,"{""mmap"": 0, ""n_prompt"": 512, ""n_gen"": 32}",pp,512,81.98,0.05,0.06099048548426446,0,512,32
pn_sweep_step-p64-n32_mmp01,qwen2_5_0_5b,"{""mmap"": 0, ""n_prompt"": 512, ""n_gen"": 64}",pp,512,81.98,0.05,0.06099048548426446,0,512,64
pn_sweep_step-p64-n32_mmp01,qwen2_5_0_5b,"{""mmap"": 0, ""n_prompt"": 512, ""n_gen"": 96}",pp,512,81.86,0.03,0.03664793549963352,0,512,96
pn_sweep_step-p64-n32_mmp01,qwen2_5_0_5b,"{""mmap"": 0, ""n_prompt"": 512, ""n_gen"": 128}",pp,512,82.01,0.06,0.0731618095354225,0,512,128
pn_sweep_step-p64-n32_mmp01,qwen2_5_0_5b,"{""mmap"": 1, ""n_prompt"": 512, ""n_gen"": 32}",pp,512,81.86,0.17,0.20767163449792328,1,512,32
pn_sweep_step-p64-n32_mmp01,qwen2_5_0_5b,"{""mmap"": 1, ""n_prompt"": 512, ""n_gen"": 64}",pp,512,81.85,0.11,0.13439218081857057,1,512,64
pn_sweep_step-p64-n32_mmp01,qwen2_5_0_5b,"{""mmap"": 1, ""n_prompt"": 512, ""n_gen"": 96}",pp,512,81.86,0.13,0.15880772049841194,1,512,96
pn_sweep_step-p64-n32_mmp01,qwen2_5_0_5b,"{""mmap"": 1, ""n_prompt"": 512, ""n_gen"": 128}",pp,512,81.87,0.14,0.1710028093318676,1,512,128
pn_sweep_step-p64-n32_mmp01,qwen2_5_0_5b,"{""mmap"": 0, ""n_prompt"": 576, ""n_gen"": 32}",pp,576,82.24,0.09,0.10943579766536965,0,576,32
pn_sweep_step-p64-n32_mmp01,qwen2_5_0_5b,"{""mmap"": 0, ""n_prompt"": 576, ""n_gen"": 64}",pp,576,82.27,0.11,0.1337060897046311,0,576,64
pn_sweep_step-p64-n32_mmp01,qwen2_5_0_5b,"{""mmap"": 0, ""n_prompt"": 576, ""n_gen"": 96}",pp,576,82.26,0.11,0.1337223437879893,0,576,96
pn_sweep_step-p64-n32_mmp01,qwen2_5_0_5b,"{""mmap"": 0, ""n_prompt"": 576, ""n_gen"": 128}",pp,576,82.27,0.08,0.09724079251245898,0,576,128
pn_sweep_step-p64-n32_mmp01,qwen2_5_0_5b,"{""mmap"": 1, ""n_prompt"": 576, ""n_gen"": 32}",pp,576,82.35,0.1,0.12143290831815423,1,576,32
pn_sweep_step-p64-n32_mmp01,qwen2_5_0_5b,"{""mmap"": 1, ""n_prompt"": 576, ""n_gen"": 64}",pp,576,82.42,0.13,0.15772870662460567,1,576,64
pn_sweep_step-p64-n32_mmp01,qwen2_5_0_5b,"{""mmap"": 1, ""n_prompt"": 576, ""n_gen"": 96}",pp,576,82.33,0.12,0.14575488886189725,1,576,96
pn_sweep_step-p64-n32_mmp01,qwen2_5_0_5b,"{""mmap"": 1, ""n_prompt"": 576, ""n_gen"": 128}",pp,576,82.35,0.11,0.13357619914996965,1,576,128
pn_sweep_step-p64-n32_mmp01,qwen2_5_0_5b,"{""mmap"": 0, ""n_prompt"": 64, ""n_gen"": 32}",pp,64,66.63,0.04,0.060033018159988,0,64,32
pn_sweep_step-p64-n32_mmp01,qwen2_5_0_5b,"{""mmap"": 0, ""n_prompt"": 64, ""n_gen"": 64}",pp,64,66.66,0.04,0.06000600060006001,0,64,64
pn_sweep_step-p64-n32_mmp01,qwen2_5_0_5b,"{""mmap"": 0, ""n_prompt"": 64, ""n_gen"": 96}",pp,64,66.7,0.04,0.05997001499250374,0,64,96
pn_sweep_step-p64-n32_mmp01,qwen2_5_0_5b,"{""mmap"": 0, ""n_prompt"": 64, ""n_gen"": 128}",pp,64,66.72,0.03,0.044964028776978415,0,64,128
pn_sweep_step-p64-n32_mmp01,qwen2_5_0_5b,"{""mmap"": 1, ""n_prompt"": 64, ""n_gen"": 32}",pp,64,66.76,0.04,0.05991611743559017,1,64,32
pn_sweep_step-p64-n32_mmp01,qwen2_5_0_5b,"{""mmap"": 1, ""n_prompt"": 64, ""n_gen"": 64}",pp,64,66.76,0.04,0.05991611743559017,1,64,64
pn_sweep_step-p64-n32_mmp01,qwen2_5_0_5b,"{""mmap"": 1, ""n_prompt"": 64, ""n_gen"": 96}",pp,64,66.77,0.04,0.059907143926913285,1,64,96
pn_sweep_step-p64-n32_mmp01,qwen2_5_0_5b,"{""mmap"": 1, ""n_prompt"": 64, ""n_gen"": 128}",pp,64,66.78,0.05,0.07487271638215034,1,64,128
pn_sweep_step-p64-n32_mmp01,qwen2_5_0_5b,"{""mmap"": 0, ""n_prompt"": 640, ""n_gen"": 32}",pp,640,77.83,0.06,0.07709109597841449,0,640,32
pn_sweep_step-p64-n32_mmp01,qwen2_5_0_5b,"{""mmap"": 0, ""n_prompt"": 640, ""n_gen"": 64}",pp,640,77.85,0.07,0.08991650610147722,0,640,64
pn_sweep_step-p64-n32_mmp01,qwen2_5_0_5b,"{""mmap"": 0, ""n_prompt"": 640, ""n_gen"": 96}",pp,640,77.87,0.07,0.08989341209708489,0,640,96
pn_sweep_step-p64-n32_mmp01,qwen2_5_0_5b,"{""mmap"": 0, ""n_prompt"": 640, ""n_gen"": 128}",pp,640,77.83,0.09,0.11563664396762173,0,640,128
pn_sweep_step-p64-n32_mmp01,qwen2_5_0_5b,"{""mmap"": 1, ""n_prompt"": 640, ""n_gen"": 32}",pp,640,77.89,0.11,0.1412248042110669,1,640,32
pn_sweep_step-p64-n32_mmp01,qwen2_5_0_5b,"{""mmap"": 1, ""n_prompt"": 640, ""n_gen"": 64}",pp,640,77.96,0.09,0.11544381734222679,1,640,64
pn_sweep_step-p64-n32_mmp01,qwen2_5_0_5b,"{""mmap"": 1, ""n_prompt"": 640, ""n_gen"": 96}",pp,640,78.01,0.1,0.12818869375721062,1,640,96
pn_sweep_step-p64-n32_mmp01,qwen2_5_0_5b,"{""mmap"": 1, ""n_prompt"": 640, ""n_gen"": 128}",pp,640,77.91,0.08,0.10268258246694906,1,640,128
pn_sweep_step-p64-n32_mmp01,qwen2_5_0_5b,"{""mmap"": 0, ""n_prompt"": 704, ""n_gen"": 32}",pp,704,77.02,0.09,0.11685276551545053,0,704,32
pn_sweep_step-p64-n32_mmp01,qwen2_5_0_5b,"{""mmap"": 0, ""n_prompt"": 704, ""n_gen"": 64}",pp,704,76.87,0.09,0.11708078574216207,0,704,64
pn_sweep_step-p64-n32_mmp01,qwen2_5_0_5b,"{""mmap"": 0, ""n_prompt"": 704, ""n_gen"": 96}",pp,704,76.92,0.09,0.11700468018720747,0,704,96
pn_sweep_step-p64-n32_mmp01,qwen2_5_0_5b,"{""mmap"": 0, ""n_prompt"": 704, ""n_gen"": 128}",pp,704,76.94,0.12,0.1559656875487393,0,704,128
pn_sweep_step-p64-n32_mmp01,qwen2_5_0_5b,"{""mmap"": 1, ""n_prompt"": 704, ""n_gen"": 32}",pp,704,77.22,0.06,0.0777000777000777,1,704,32
pn_sweep_step-p64-n32_mmp01,qwen2_5_0_5b,"{""mmap"": 1, ""n_prompt"": 704, ""n_gen"": 64}",pp,704,77.1,0.09,0.11673151750972763,1,704,64
pn_sweep_step-p64-n32_mmp01,qwen2_5_0_5b,"{""mmap"": 1, ""n_prompt"": 704, ""n_gen"": 96}",pp,704,77.07,0.07,0.09082652134423254,1,704,96
pn_sweep_step-p64-n32_mmp01,qwen2_5_0_5b,"{""mmap"": 1, ""n_prompt"": 704, ""n_gen"": 128}",pp,704,77.07,0.09,0.11677695601401324,1,704,128
pn_sweep_step-p64-n32_mmp01,qwen2_5_0_5b,"{""mmap"": 0, ""n_prompt"": 768, ""n_gen"": 32}",pp,768,76.37,0.06,0.07856488149797039,0,768,32
pn_sweep_step-p64-n32_mmp01,qwen2_5_0_5b,"{""mmap"": 0, ""n_prompt"": 768, ""n_gen"": 64}",pp,768,76.37,0.15,0.196412203744926,0,768,64
pn_sweep_step-p64-n32_mmp01,qwen2_5_0_5b,"{""mmap"": 0, ""n_prompt"": 768, ""n_gen"": 96}",pp,768,76.38,0.09,0.1178318931657502,0,768,96
pn_sweep_step-p64-n32_mmp01,qwen2_5_0_5b,"{""mmap"": 0, ""n_prompt"": 768, ""n_gen"": 128}",pp,768,76.36,0.12,0.1571503404924044,0,768,128
pn_sweep_step-p64-n32_mmp01,qwen2_5_0_5b,"{""mmap"": 1, ""n_prompt"": 768, ""n_gen"": 32}",pp,768,76.46,0.1,0.13078733978550877,1,768,32
pn_sweep_step-p64-n32_mmp01,qwen2_5_0_5b,"{""mmap"": 1, ""n_prompt"": 768, ""n_gen"": 64}",pp,768,76.47,0.12,0.1569242840329541,1,768,64
pn_sweep_step-p64-n32_mmp01,qwen2_5_0_5b,"{""mmap"": 1, ""n_prompt"": 768, ""n_gen"": 96}",pp,768,76.54,0.09,0.1175855761693232,1,768,96
pn_sweep_step-p64-n32_mmp01,qwen2_5_0_5b,"{""mmap"": 1, ""n_prompt"": 768, ""n_gen"": 128}",pp,768,76.41,0.1,0.130872922392357,1,768,128
pn_sweep_step-p64-n32_mmp01,qwen2_5_0_5b,"{""mmap"": 0, ""n_prompt"": 832, ""n_gen"": 32}",pp,832,73.09,0.06,0.08209057326583663,0,832,32
pn_sweep_step-p64-n32_mmp01,qwen2_5_0_5b,"{""mmap"": 0, ""n_prompt"": 832, ""n_gen"": 64}",pp,832,73.04,0.11,0.1506024096385542,0,832,64
pn_sweep_step-p64-n32_mmp01,qwen2_5_0_5b,"{""mmap"": 0, ""n_prompt"": 832, ""n_gen"": 96}",pp,832,73.12,0.06,0.08205689277899343,0,832,96
pn_sweep_step-p64-n32_mmp01,qwen2_5_0_5b,"{""mmap"": 0, ""n_prompt"": 832, ""n_gen"": 128}",pp,832,73.05,0.07,0.09582477754962355,0,832,128
pn_sweep_step-p64-n32_mmp01,qwen2_5_0_5b,"{""mmap"": 1, ""n_prompt"": 832, ""n_gen"": 32}",pp,832,73.24,0.1,0.13653741125068272,1,832,32
pn_sweep_step-p64-n32_mmp01,qwen2_5_0_5b,"{""mmap"": 1, ""n_prompt"": 832, ""n_gen"": 64}",pp,832,73.22,0.13,0.1775471182736957,1,832,64
pn_sweep_step-p64-n32_mmp01,qwen2_5_0_5b,"{""mmap"": 1, ""n_prompt"": 832, ""n_gen"": 96}",pp,832,73.29,0.08,0.10915541001500885,1,832,96
pn_sweep_step-p64-n32_mmp01,qwen2_5_0_5b,"{""mmap"": 1, ""n_prompt"": 832, ""n_gen"": 128}",pp,832,73.25,0.1,0.13651877133105803,1,832,128
pn_sweep_step-p64-n32_mmp01,qwen2_5_0_5b,"{""mmap"": 0, ""n_prompt"": 896, ""n_gen"": 32}",pp,896,72.62,0.09,0.1239328008812999,0,896,32
pn_sweep_step-p64-n32_mmp01,qwen2_5_0_5b,"{""mmap"": 0, ""n_prompt"": 896, ""n_gen"": 64}",pp,896,72.7,0.08,0.11004126547455295,0,896,64
pn_sweep_step-p64-n32_mmp01,qwen2_5_0_5b,"{""mmap"": 0, ""n_prompt"": 896, ""n_gen"": 96}",pp,896,72.53,0.06,0.08272438990762443,0,896,96
pn_sweep_step-p64-n32_mmp01,qwen2_5_0_5b,"{""mmap"": 0, ""n_prompt"": 896, ""n_gen"": 128}",pp,896,72.55,0.06,0.08270158511371468,0,896,128
pn_sweep_step-p64-n32_mmp01,qwen2_5_0_5b,"{""mmap"": 1, ""n_prompt"": 896, ""n_gen"": 32}",pp,896,72.69,0.08,0.11005640390700236,1,896,32
pn_sweep_step-p64-n32_mmp01,qwen2_5_0_5b,"{""mmap"": 1, ""n_prompt"": 896, ""n_gen"": 64}",pp,896,72.72,0.1,0.13751375137513752,1,896,64
pn_sweep_step-p64-n32_mmp01,qwen2_5_0_5b,"{""mmap"": 1, ""n_prompt"": 896, ""n_gen"": 96}",pp,896,72.76,0.07,0.09620670698185817,1,896,96
pn_sweep_step-p64-n32_mmp01,qwen2_5_0_5b,"{""mmap"": 1, ""n_prompt"": 896, ""n_gen"": 128}",pp,896,72.69,0.08,0.11005640390700236,1,896,128
pn_sweep_step-p64-n32_mmp01,qwen2_5_0_5b,"{""mmap"": 0, ""n_prompt"": 960, ""n_gen"": 32}",pp,960,71.73,0.07,0.09758817788930713,0,960,32
pn_sweep_step-p64-n32_mmp01,qwen2_5_0_5b,"{""mmap"": 0, ""n_prompt"": 960, ""n_gen"": 64}",pp,960,71.73,0.03,0.04182350480970305,0,960,64
pn_sweep_step-p64-n32_mmp01,qwen2_5_0_5b,"{""mmap"": 0, ""n_prompt"": 960, ""n_gen"": 96}",pp,960,71.77,0.04,0.055733593423435986,0,960,96
pn_sweep_step-p64-n32_mmp01,qwen2_5_0_5b,"{""mmap"": 0, ""n_prompt"": 960, ""n_gen"": 128}",pp,960,71.76,0.05,0.06967670011148272,0,960,128
pn_sweep_step-p64-n32_mmp01,qwen2_5_0_5b,"{""mmap"": 1, ""n_prompt"": 960, ""n_gen"": 32}",pp,960,71.88,0.01,0.01391207568169171,1,960,32
pn_sweep_step-p64-n32_mmp01,qwen2_5_0_5b,"{""mmap"": 1, ""n_prompt"": 960, ""n_gen"": 64}",pp,960,71.88,0.02,0.02782415136338342,1,960,64
pn_sweep_step-p64-n32_mmp01,qwen2_5_0_5b,"{""mmap"": 1, ""n_prompt"": 960, ""n_gen"": 96}",pp,960,71.83,0.07,0.0974523179729918,1,960,96
pn_sweep_step-p64-n32_mmp01,qwen2_5_0_5b,"{""mmap"": 1, ""n_prompt"": 960, ""n_gen"": 128}",pp,960,71.86,0.03,0.041747843028110215,1,960,128
pn_sweep_step-p64-n32_mmp01,qwen2_5_0_5b,"{""mmap"": 0, ""n_prompt"": 64, ""n_gen"": 128}",tg,128,27.78,0.03,0.10799136069114469,0,64,128
pn_sweep_step-p64-n32_mmp01,qwen2_5_0_5b,"{""mmap"": 0, ""n_prompt"": 128, ""n_gen"": 128}",tg,128,27.84,0.02,0.07183908045977011,0,128,128
pn_sweep_step-p64-n32_mmp01,qwen2_5_0_5b,"{""mmap"": 0, ""n_prompt"": 192, ""n_gen"": 128}",tg,128,27.6,0.05,0.18115942028985507,0,192,128
pn_sweep_step-p64-n32_mmp01,qwen2_5_0_5b,"{""mmap"": 0, ""n_prompt"": 256, ""n_gen"": 128}",tg,128,27.79,0.03,0.10795250089960418,0,256,128
pn_sweep_step-p64-n32_mmp01,qwen2_5_0_5b,"{""mmap"": 0, ""n_prompt"": 320, ""n_gen"": 128}",tg,128,27.81,0.02,0.0719165767709457,0,320,128
pn_sweep_step-p64-n32_mmp01,qwen2_5_0_5b,"{""mmap"": 0, ""n_prompt"": 384, ""n_gen"": 128}",tg,128,27.76,0.01,0.03602305475504323,0,384,128
pn_sweep_step-p64-n32_mmp01,qwen2_5_0_5b,"{""mmap"": 0, ""n_prompt"": 448, ""n_gen"": 128}",tg,128,27.77,0.04,0.14404033129276198,0,448,128
pn_sweep_step-p64-n32_mmp01,qwen2_5_0_5b,"{""mmap"": 0, ""n_prompt"": 512, ""n_gen"": 128}",tg,128,27.79,0.02,0.07196833393306945,0,512,128
pn_sweep_step-p64-n32_mmp01,qwen2_5_0_5b,"{""mmap"": 0, ""n_prompt"": 576, ""n_gen"": 128}",tg,128,27.83,0.01,0.035932446999640676,0,576,128
pn_sweep_step-p64-n32_mmp01,qwen2_5_0_5b,"{""mmap"": 0, ""n_prompt"": 640, ""n_gen"": 128}",tg,128,27.71,0.02,0.07217610970768674,0,640,128
pn_sweep_step-p64-n32_mmp01,qwen2_5_0_5b,"{""mmap"": 0, ""n_prompt"": 704, ""n_gen"": 128}",tg,128,27.79,0.03,0.10795250089960418,0,704,128
pn_sweep_step-p64-n32_mmp01,qwen2_5_0_5b,"{""mmap"": 0, ""n_prompt"": 768, ""n_gen"": 128}",tg,128,27.6,0.02,0.07246376811594203,0,768,128
pn_sweep_step-p64-n32_mmp01,qwen2_5_0_5b,"{""mmap"": 0, ""n_prompt"": 832, ""n_gen"": 128}",tg,128,27.78,0.01,0.03599712023038157,0,832,128
pn_sweep_step-p64-n32_mmp01,qwen2_5_0_5b,"{""mmap"": 0, ""n_prompt"": 896, ""n_gen"": 128}",tg,128,27.62,0.02,0.0724112961622013,0,896,128
pn_sweep_step-p64-n32_mmp01,qwen2_5_0_5b,"{""mmap"": 0, ""n_prompt"": 960, ""n_gen"": 128}",tg,128,27.8,0.01,0.03597122302158273,0,960,128
pn_sweep_step-p64-n32_mmp01,qwen2_5_0_5b,"{""mmap"": 0, ""n_prompt"": 1024, ""n_gen"": 128}",tg,128,27.81,0.02,0.0719165767709457,0,1024,128
pn_sweep_step-p64-n32_mmp01,qwen2_5_0_5b,"{""mmap"": 1, ""n_prompt"": 64, ""n_gen"": 128}",tg,128,28.28,0.03,0.10608203677510608,1,64,128
pn_sweep_step-p64-n32_mmp01,qwen2_5_0_5b,"{""mmap"": 1, ""n_prompt"": 128, ""n_gen"": 128}",tg,128,28.15,0.03,0.10657193605683836,1,128,128
pn_sweep_step-p64-n32_mmp01,qwen2_5_0_5b,"{""mmap"": 1, ""n_prompt"": 192, ""n_gen"": 128}",tg,128,28.42,0.02,0.07037297677691766,1,192,128
pn_sweep_step-p64-n32_mmp01,qwen2_5_0_5b,"{""mmap"": 1, ""n_prompt"": 256, ""n_gen"": 128}",tg,128,28.33,0.03,0.10589481115425345,1,256,128
pn_sweep_step-p64-n32_mmp01,qwen2_5_0_5b,"{""mmap"": 1, ""n_prompt"": 320, ""n_gen"": 128}",tg,128,28.32,0.03,0.1059322033898305,1,320,128
pn_sweep_step-p64-n32_mmp01,qwen2_5_0_5b,"{""mmap"": 1, ""n_prompt"": 384, ""n_gen"": 128}",tg,128,28.35,0.03,0.1058201058201058,1,384,128
pn_sweep_step-p64-n32_mmp01,qwen2_5_0_5b,"{""mmap"": 1, ""n_prompt"": 448, ""n_gen"": 128}",tg,128,28.1,0.1,0.3558718861209964,1,448,128
pn_sweep_step-p64-n32_mmp01,qwen2_5_0_5b,"{""mmap"": 1, ""n_prompt"": 512, ""n_gen"": 128}",tg,128,28.35,0.02,0.07054673721340388,1,512,128
pn_sweep_step-p64-n32_mmp01,qwen2_5_0_5b,"{""mmap"": 1, ""n_prompt"": 576, ""n_gen"": 128}",tg,128,28.38,0.02,0.07047216349541931,1,576,128
pn_sweep_step-p64-n32_mmp01,qwen2_5_0_5b,"{""mmap"": 1, ""n_prompt"": 640, ""n_gen"": 128}",tg,128,28.5,0.02,0.07017543859649124,1,640,128
pn_sweep_step-p64-n32_mmp01,qwen2_5_0_5b,"{""mmap"": 1, ""n_prompt"": 704, ""n_gen"": 128}",tg,128,28.42,0.03,0.10555946516537648,1,704,128
pn_sweep_step-p64-n32_mmp01,qwen2_5_0_5b,"{""mmap"": 1, ""n_prompt"": 768, ""n_gen"": 128}",tg,128,28.36,0.02,0.07052186177715092,1,768,128
pn_sweep_step-p64-n32_mmp01,qwen2_5_0_5b,"{""mmap"": 1, ""n_prompt"": 832, ""n_gen"": 128}",tg,128,27.84,0.04,0.14367816091954022,1,832,128
pn_sweep_step-p64-n32_mmp01,qwen2_5_0_5b,"{""mmap"": 1, ""n_prompt"": 896, ""n_gen"": 128}",tg,128,28.32,0.02,0.07062146892655367,1,896,128
pn_sweep_step-p64-n32_mmp01,qwen2_5_0_5b,"{""mmap"": 1, ""n_prompt"": 960, ""n_gen"": 128}",tg,128,28.27,0.02,0.07074637424831977,1,960,128
pn_sweep_step-p64-n32_mmp01,qwen2_5_0_5b,"{""mmap"": 1, ""n_prompt"": 1024, ""n_gen"": 128}",tg,128,28.31,0.03,0.1059696220416814,1,1024,128
pn_sweep_step-p64-n32_mmp01,qwen2_5_0_5b,"{""mmap"": 0, ""n_prompt"": 64, ""n_gen"": 32}",tg,32,27.99,0.03,0.10718113612004287,0,64,32
pn_sweep_step-p64-n32_mmp01,qwen2_5_0_5b,"{""mmap"": 0, ""n_prompt"": 128, ""n_gen"": 32}",tg,32,28.32,0.05,0.1765536723163842,0,128,32
pn_sweep_step-p64-n32_mmp01,qwen2_5_0_5b,"{""mmap"": 0, ""n_prompt"": 192, ""n_gen"": 32}",tg,32,28.17,0.11,0.39048633297834573,0,192,32
pn_sweep_step-p64-n32_mmp01,qwen2_5_0_5b,"{""mmap"": 0, ""n_prompt"": 256, ""n_gen"": 32}",tg,32,28.23,0.02,0.07084661707403471,0,256,32
pn_sweep_step-p64-n32_mmp01,qwen2_5_0_5b,"{""mmap"": 0, ""n_prompt"": 320, ""n_gen"": 32}",tg,32,28.3,0.04,0.1413427561837456,0,320,32
pn_sweep_step-p64-n32_mmp01,qwen2_5_0_5b,"{""mmap"": 0, ""n_prompt"": 384, ""n_gen"": 32}",tg,32,28.16,0.09,0.3196022727272727,0,384,32
pn_sweep_step-p64-n32_mmp01,qwen2_5_0_5b,"{""mmap"": 0, ""n_prompt"": 448, ""n_gen"": 32}",tg,32,28.26,0.04,0.14154281670205238,0,448,32
pn_sweep_step-p64-n32_mmp01,qwen2_5_0_5b,"{""mmap"": 0, ""n_prompt"": 512, ""n_gen"": 32}",tg,32,28.26,0.03,0.10615711252653928,0,512,32
pn_sweep_step-p64-n32_mmp01,qwen2_5_0_5b,"{""mmap"": 0, ""n_prompt"": 576, ""n_gen"": 32}",tg,32,28.3,0.04,0.1413427561837456,0,576,32
pn_sweep_step-p64-n32_mmp01,qwen2_5_0_5b,"{""mmap"": 0, ""n_prompt"": 640, ""n_gen"": 32}",tg,32,28.33,0.06,0.2117896223085069,0,640,32
pn_sweep_step-p64-n32_mmp01,qwen2_5_0_5b,"{""mmap"": 0, ""n_prompt"": 704, ""n_gen"": 32}",tg,32,28.3,0.03,0.10600706713780918,0,704,32
pn_sweep_step-p64-n32_mmp01,qwen2_5_0_5b,"{""mmap"": 0, ""n_prompt"": 768, ""n_gen"": 32}",tg,32,28.38,0.02,0.07047216349541931,0,768,32
pn_sweep_step-p64-n32_mmp01,qwen2_5_0_5b,"{""mmap"": 0, ""n_prompt"": 832, ""n_gen"": 32}",tg,32,28.25,0.11,0.3893805309734513,0,832,32
pn_sweep_step-p64-n32_mmp01,qwen2_5_0_5b,"{""mmap"": 0, ""n_prompt"": 896, ""n_gen"": 32}",tg,32,28.23,0.02,0.07084661707403471,0,896,32
pn_sweep_step-p64-n32_mmp01,qwen2_5_0_5b,"{""mmap"": 0, ""n_prompt"": 960, ""n_gen"": 32}",tg,32,28.37,0.02,0.07049700387733521,0,960,32
pn_sweep_step-p64-n32_mmp01,qwen2_5_0_5b,"{""mmap"": 0, ""n_prompt"": 1024, ""n_gen"": 32}",tg,32,28.37,0.06,0.21149101163200562,0,1024,32
pn_sweep_step-p64-n32_mmp01,qwen2_5_0_5b,"{""mmap"": 1, ""n_prompt"": 64, ""n_gen"": 32}",tg,32,28.4,0.15,0.528169014084507,1,64,32
pn_sweep_step-p64-n32_mmp01,qwen2_5_0_5b,"{""mmap"": 1, ""n_prompt"": 128, ""n_gen"": 32}",tg,32,28.79,0.06,0.20840569642236886,1,128,32
pn_sweep_step-p64-n32_mmp01,qwen2_5_0_5b,"{""mmap"": 1, ""n_prompt"": 192, ""n_gen"": 32}",tg,32,28.91,0.05,0.17295053614666206,1,192,32
pn_sweep_step-p64-n32_mmp01,qwen2_5_0_5b,"{""mmap"": 1, ""n_prompt"": 256, ""n_gen"": 32}",tg,32,28.84,0.02,0.06934812760055478,1,256,32
pn_sweep_step-p64-n32_mmp01,qwen2_5_0_5b,"{""mmap"": 1, ""n_prompt"": 320, ""n_gen"": 32}",tg,32,28.4,0.14,0.49295774647887325,1,320,32
pn_sweep_step-p64-n32_mmp01,qwen2_5_0_5b,"{""mmap"": 1, ""n_prompt"": 384, ""n_gen"": 32}",tg,32,28.87,0.05,0.17319016279875304,1,384,32
pn_sweep_step-p64-n32_mmp01,qwen2_5_0_5b,"{""mmap"": 1, ""n_prompt"": 448, ""n_gen"": 32}",tg,32,28.5,0.15,0.5263157894736842,1,448,32
pn_sweep_step-p64-n32_mmp01,qwen2_5_0_5b,"{""mmap"": 1, ""n_prompt"": 512, ""n_gen"": 32}",tg,32,28.73,0.17,0.591715976331361,1,512,32
pn_sweep_step-p64-n32_mmp01,qwen2_5_0_5b,"{""mmap"": 1, ""n_prompt"": 576, ""n_gen"": 32}",tg,32,28.37,0.01,0.035248501938667604,1,576,32
pn_sweep_step-p64-n32_mmp01,qwen2_5_0_5b,"{""mmap"": 1, ""n_prompt"": 640, ""n_gen"": 32}",tg,32,28.97,0.04,0.13807386952019332,1,640,32
pn_sweep_step-p64-n32_mmp01,qwen2_5_0_5b,"{""mmap"": 1, ""n_prompt"": 704, ""n_gen"": 32}",tg,32,28.96,0.03,0.10359116022099447,1,704,32
pn_sweep_step-p64-n32_mmp01,qwen2_5_0_5b,"{""mmap"": 1, ""n_prompt"": 768, ""n_gen"": 32}",tg,32,28.97,0.04,0.13807386952019332,1,768,32
pn_sweep_step-p64-n32_mmp01,qwen2_5_0_5b,"{""mmap"": 1, ""n_prompt"": 832, ""n_gen"": 32}",tg,32,28.85,0.04,0.1386481802426343,1,832,32
pn_sweep_step-p64-n32_mmp01,qwen2_5_0_5b,"{""mmap"": 1, ""n_prompt"": 896, ""n_gen"": 32}",tg,32,28.87,0.02,0.06927606511950121,1,896,32
pn_sweep_step-p64-n32_mmp01,qwen2_5_0_5b,"{""mmap"": 1, ""n_prompt"": 960, ""n_gen"": 32}",tg,32,28.97,0.06,0.20711080428028997,1,960,32
pn_sweep_step-p64-n32_mmp01,qwen2_5_0_5b,"{""mmap"": 1, ""n_prompt"": 1024, ""n_gen"": 32}",tg,32,28.9,0.01,0.03460207612456748,1,1024,32
pn_sweep_step-p64-n32_mmp01,qwen2_5_0_5b,"{""mmap"": 0, ""n_prompt"": 64, ""n_gen"": 64}",tg,64,27.98,0.02,0.07147962830593281,0,64,64
pn_sweep_step-p64-n32_mmp01,qwen2_5_0_5b,"{""mmap"": 0, ""n_prompt"": 128, ""n_gen"": 64}",tg,64,28.24,0.03,0.10623229461756376,0,128,64
pn_sweep_step-p64-n32_mmp01,qwen2_5_0_5b,"{""mmap"": 0, ""n_prompt"": 192, ""n_gen"": 64}",tg,64,28.3,0.02,0.0706713780918728,0,192,64
pn_sweep_step-p64-n32_mmp01,qwen2_5_0_5b,"{""mmap"": 0, ""n_prompt"": 256, ""n_gen"": 64}",tg,64,28.21,0.03,0.10634526763559021,0,256,64
pn_sweep_step-p64-n32_mmp01,qwen2_5_0_5b,"{""mmap"": 0, ""n_prompt"": 320, ""n_gen"": 64}",tg,64,28.07,0.17,0.6056287851799075,0,320,64
pn_sweep_step-p64-n32_mmp01,qwen2_5_0_5b,"{""mmap"": 0, ""n_prompt"": 384, ""n_gen"": 64}",tg,64,28.16,0.01,0.03551136363636364,0,384,64
pn_sweep_step-p64-n32_mmp01,qwen2_5_0_5b,"{""mmap"": 0, ""n_prompt"": 448, ""n_gen"": 64}",tg,64,28.16,0.29,1.0298295454545454,0,448,64
pn_sweep_step-p64-n32_mmp01,qwen2_5_0_5b,"{""mmap"": 0, ""n_prompt"": 512, ""n_gen"": 64}",tg,64,28.21,0.04,0.14179369018078697,0,512,64
pn_sweep_step-p64-n32_mmp01,qwen2_5_0_5b,"{""mmap"": 0, ""n_prompt"": 576, ""n_gen"": 64}",tg,64,28.07,0.01,0.035625222657641606,0,576,64
pn_sweep_step-p64-n32_mmp01,qwen2_5_0_5b,"{""mmap"": 0, ""n_prompt"": 640, ""n_gen"": 64}",tg,64,28.26,0.03,0.10615711252653928,0,640,64
pn_sweep_step-p64-n32_mmp01,qwen2_5_0_5b,"{""mmap"": 0, ""n_prompt"": 704, ""n_gen"": 64}",tg,64,28.06,0.02,0.07127583749109052,0,704,64
pn_sweep_step-p64-n32_mmp01,qwen2_5_0_5b,"{""mmap"": 0, ""n_prompt"": 768, ""n_gen"": 64}",tg,64,28.1,0.05,0.1779359430604982,0,768,64
pn_sweep_step-p64-n32_mmp01,qwen2_5_0_5b,"{""mmap"": 0, ""n_prompt"": 832, ""n_gen"": 64}",tg,64,28.23,0.02,0.07084661707403471,0,832,64
pn_sweep_step-p64-n32_mmp01,qwen2_5_0_5b,"{""mmap"": 0, ""n_prompt"": 896, ""n_gen"": 64}",tg,64,28.16,0.01,0.03551136363636364,0,896,64
pn_sweep_step-p64-n32_mmp01,qwen2_5_0_5b,"{""mmap"": 0, ""n_prompt"": 960, ""n_gen"": 64}",tg,64,28.24,0.03,0.10623229461756376,0,960,64
pn_sweep_step-p64-n32_mmp01,qwen2_5_0_5b,"{""mmap"": 0, ""n_prompt"": 1024, ""n_gen"": 64}",tg,64,28.23,0.01,0.035423308537017355,0,1024,64
pn_sweep_step-p64-n32_mmp01,qwen2_5_0_5b,"{""mmap"": 1, ""n_prompt"": 64, ""n_gen"": 64}",tg,64,28.68,0.11,0.38354253835425384,1,64,64
pn_sweep_step-p64-n32_mmp01,qwen2_5_0_5b,"{""mmap"": 1, ""n_prompt"": 128, ""n_gen"": 64}",tg,64,28.78,0.03,0.10423905489923557,1,128,64
pn_sweep_step-p64-n32_mmp01,qwen2_5_0_5b,"{""mmap"": 1, ""n_prompt"": 192, ""n_gen"": 64}",tg,64,28.84,0.02,0.06934812760055478,1,192,64
pn_sweep_step-p64-n32_mmp01,qwen2_5_0_5b,"{""mmap"": 1, ""n_prompt"": 256, ""n_gen"": 64}",tg,64,28.35,0.02,0.07054673721340388,1,256,64
pn_sweep_step-p64-n32_mmp01,qwen2_5_0_5b,"{""mmap"": 1, ""n_prompt"": 320, ""n_gen"": 64}",tg,64,28.78,0.01,0.03474635163307853,1,320,64
pn_sweep_step-p64-n32_mmp01,qwen2_5_0_5b,"{""mmap"": 1, ""n_prompt"": 384, ""n_gen"": 64}",tg,64,28.79,0.03,0.10420284821118443,1,384,64
pn_sweep_step-p64-n32_mmp01,qwen2_5_0_5b,"{""mmap"": 1, ""n_prompt"": 448, ""n_gen"": 64}",tg,64,28.77,0.04,0.13903371567605144,1,448,64
pn_sweep_step-p64-n32_mmp01,qwen2_5_0_5b,"{""mmap"": 1, ""n_prompt"": 512, ""n_gen"": 64}",tg,64,28.67,0.07,0.24415765608650158,1,512,64
pn_sweep_step-p64-n32_mmp01,qwen2_5_0_5b,"{""mmap"": 1, ""n_prompt"": 576, ""n_gen"": 64}",tg,64,28.57,0.18,0.6300315015750787,1,576,64
pn_sweep_step-p64-n32_mmp01,qwen2_5_0_5b,"{""mmap"": 1, ""n_prompt"": 640, ""n_gen"": 64}",tg,64,28.84,0.03,0.10402219140083217,1,640,64
pn_sweep_step-p64-n32_mmp01,qwen2_5_0_5b,"{""mmap"": 1, ""n_prompt"": 704, ""n_gen"": 64}",tg,64,28.81,0.03,0.10413051023950018,1,704,64
pn_sweep_step-p64-n32_mmp01,qwen2_5_0_5b,"{""mmap"": 1, ""n_prompt"": 768, ""n_gen"": 64}",tg,64,28.82,0.01,0.03469812630117974,1,768,64
pn_sweep_step-p64-n32_mmp01,qwen2_5_0_5b,"{""mmap"": 1, ""n_prompt"": 832, ""n_gen"": 64}",tg,64,28.7,0.02,0.06968641114982578,1,832,64
pn_sweep_step-p64-n32_mmp01,qwen2_5_0_5b,"{""mmap"": 1, ""n_prompt"": 896, ""n_gen"": 64}",tg,64,28.66,0.02,0.06978367062107467,1,896,64
pn_sweep_step-p64-n32_mmp01,qwen2_5_0_5b,"{""mmap"": 1, ""n_prompt"": 960, ""n_gen"": 64}",tg,64,28.25,0.02,0.07079646017699115,1,960,64
pn_sweep_step-p64-n32_mmp01,qwen2_5_0_5b,"{""mmap"": 1, ""n_prompt"": 1024, ""n_gen"": 64}",tg,64,28.85,0.02,0.06932409012131716,1,1024,64
pn_sweep_step-p64-n32_mmp01,qwen2_5_0_5b,"{""mmap"": 0, ""n_prompt"": 64, ""n_gen"": 96}",tg,96,27.81,0.01,0.03595828838547285,0,64,96
pn_sweep_step-p64-n32_mmp01,qwen2_5_0_5b,"{""mmap"": 0, ""n_prompt"": 128, ""n_gen"": 96}",tg,96,27.89,0.02,0.07171029042667623,0,128,96
pn_sweep_step-p64-n32_mmp01,qwen2_5_0_5b,"{""mmap"": 0, ""n_prompt"": 192, ""n_gen"": 96}",tg,96,27.86,0.04,0.14357501794687724,0,192,96
pn_sweep_step-p64-n32_mmp01,qwen2_5_0_5b,"{""mmap"": 0, ""n_prompt"": 256, ""n_gen"": 96}",tg,96,27.87,0.03,0.1076426264800861,0,256,96
pn_sweep_step-p64-n32_mmp01,qwen2_5_0_5b,"{""mmap"": 0, ""n_prompt"": 320, ""n_gen"": 96}",tg,96,27.79,0.03,0.10795250089960418,0,320,96
pn_sweep_step-p64-n32_mmp01,qwen2_5_0_5b,"{""mmap"": 0, ""n_prompt"": 384, ""n_gen"": 96}",tg,96,27.86,0.03,0.10768126346015792,0,384,96
pn_sweep_step-p64-n32_mmp01,qwen2_5_0_5b,"{""mmap"": 0, ""n_prompt"": 448, ""n_gen"": 96}",tg,96,27.77,0.02,0.07202016564638099,0,448,96
pn_sweep_step-p64-n32_mmp01,qwen2_5_0_5b,"{""mmap"": 0, ""n_prompt"": 512, ""n_gen"": 96}",tg,96,27.18,0.04,0.14716703458425312,0,512,96
pn_sweep_step-p64-n32_mmp01,qwen2_5_0_5b,"{""mmap"": 0, ""n_prompt"": 576, ""n_gen"": 96}",tg,96,27.83,0.02,0.07186489399928135,0,576,96
pn_sweep_step-p64-n32_mmp01,qwen2_5_0_5b,"{""mmap"": 0, ""n_prompt"": 640, ""n_gen"": 96}",tg,96,27.81,0.06,0.2157497303128371,0,640,96
pn_sweep_step-p64-n32_mmp01,qwen2_5_0_5b,"{""mmap"": 0, ""n_prompt"": 704, ""n_gen"": 96}",tg,96,27.92,0.02,0.07163323782234957,0,704,96
pn_sweep_step-p64-n32_mmp01,qwen2_5_0_5b,"{""mmap"": 0, ""n_prompt"": 768, ""n_gen"": 96}",tg,96,27.67,0.03,0.10842067220816769,0,768,96
pn_sweep_step-p64-n32_mmp01,qwen2_5_0_5b,"{""mmap"": 0, ""n_prompt"": 832, ""n_gen"": 96}",tg,96,27.88,0.01,0.03586800573888092,0,832,96
pn_sweep_step-p64-n32_mmp01,qwen2_5_0_5b,"{""mmap"": 0, ""n_prompt"": 896, ""n_gen"": 96}",tg,96,27.8,0.02,0.07194244604316546,0,896,96
pn_sweep_step-p64-n32_mmp01,qwen2_5_0_5b,"{""mmap"": 0, ""n_prompt"": 960, ""n_gen"": 96}",tg,96,27.93,0.02,0.0716075904045829,0,960,96
pn_sweep_step-p64-n32_mmp01,qwen2_5_0_5b,"{""mmap"": 0, ""n_prompt"": 1024, ""n_gen"": 96}",tg,96,27.68,0.05,0.18063583815028902,0,1024,96
pn_sweep_step-p64-n32_mmp01,qwen2_5_0_5b,"{""mmap"": 1, ""n_prompt"": 64, ""n_gen"": 96}",tg,96,28.32,0.03,0.1059322033898305,1,64,96
pn_sweep_step-p64-n32_mmp01,qwen2_5_0_5b,"{""mmap"": 1, ""n_prompt"": 128, ""n_gen"": 96}",tg,96,28.39,0.02,0.07044734061289186,1,128,96
pn_sweep_step-p64-n32_mmp01,qwen2_5_0_5b,"{""mmap"": 1, ""n_prompt"": 192, ""n_gen"": 96}",tg,96,28.38,0.03,0.10570824524312897,1,192,96
pn_sweep_step-p64-n32_mmp01,qwen2_5_0_5b,"{""mmap"": 1, ""n_prompt"": 256, ""n_gen"": 96}",tg,96,28.4,0.04,0.14084507042253522,1,256,96
pn_sweep_step-p64-n32_mmp01,qwen2_5_0_5b,"{""mmap"": 1, ""n_prompt"": 320, ""n_gen"": 96}",tg,96,28.45,0.02,0.070298769771529,1,320,96
pn_sweep_step-p64-n32_mmp01,qwen2_5_0_5b,"{""mmap"": 1, ""n_prompt"": 384, ""n_gen"": 96}",tg,96,27.79,0.08,0.2878733357322778,1,384,96
pn_sweep_step-p64-n32_mmp01,qwen2_5_0_5b,"{""mmap"": 1, ""n_prompt"": 448, ""n_gen"": 96}",tg,96,27.81,0.03,0.10787486515641855,1,448,96
pn_sweep_step-p64-n32_mmp01,qwen2_5_0_5b,"{""mmap"": 1, ""n_prompt"": 512, ""n_gen"": 96}",tg,96,28.4,0.04,0.14084507042253522,1,512,96
pn_sweep_step-p64-n32_mmp01,qwen2_5_0_5b,"{""mmap"": 1, ""n_prompt"": 576, ""n_gen"": 96}",tg,96,28.42,0.02,0.07037297677691766,1,576,96
pn_sweep_step-p64-n32_mmp01,qwen2_5_0_5b,"{""mmap"": 1, ""n_prompt"": 640, ""n_gen"": 96}",tg,96,28.42,0.02,0.07037297677691766,1,640,96
pn_sweep_step-p64-n32_mmp01,qwen2_5_0_5b,"{""mmap"": 1, ""n_prompt"": 704, ""n_gen"": 96}",tg,96,28.46,0.04,0.14054813773717498,1,704,96
pn_sweep_step-p64-n32_mmp01,qwen2_5_0_5b,"{""mmap"": 1, ""n_prompt"": 768, ""n_gen"": 96}",tg,96,28.43,0.03,0.10552233556102707,1,768,96
pn_sweep_step-p64-n32_mmp01,qwen2_5_0_5b,"{""mmap"": 1, ""n_prompt"": 832, ""n_gen"": 96}",tg,96,28.4,0.03,0.10563380281690142,1,832,96
pn_sweep_step-p64-n32_mmp01,qwen2_5_0_5b,"{""mmap"": 1, ""n_prompt"": 896, ""n_gen"": 96}",tg,96,28.4,0.02,0.07042253521126761,1,896,96
pn_sweep_step-p64-n32_mmp01,qwen2_5_0_5b,"{""mmap"": 1, ""n_prompt"": 960, ""n_gen"": 96}",tg,96,28.34,0.02,0.07057163020465773,1,960,96
pn_sweep_step-p64-n32_mmp01,qwen2_5_0_5b,"{""mmap"": 1, ""n_prompt"": 1024, ""n_gen"": 96}",tg,96,28.43,0.01,0.035174111853675694,1,1024,96
pn_sweep_step-p64-n32_mmp01,smolvlm2_256m,"{""mmap"": 0, ""n_prompt"": 1024, ""n_gen"": 32}",pp,1024,135.25,0.11,0.08133086876155268,0,1024,32
pn_sweep_step-p64-n32_mmp01,smolvlm2_256m,"{""mmap"": 0, ""n_prompt"": 1024, ""n_gen"": 64}",pp,1024,135.18,0.14,0.10356561621541649,0,1024,64
pn_sweep_step-p64-n32_mmp01,smolvlm2_256m,"{""mmap"": 0, ""n_prompt"": 1024, ""n_gen"": 96}",pp,1024,135.32,0.15,0.11084835944428022,0,1024,96
pn_sweep_step-p64-n32_mmp01,smolvlm2_256m,"{""mmap"": 0, ""n_prompt"": 1024, ""n_gen"": 128}",pp,1024,135.27,0.12,0.08871146595697493,0,1024,128
pn_sweep_step-p64-n32_mmp01,smolvlm2_256m,"{""mmap"": 1, ""n_prompt"": 1024, ""n_gen"": 32}",pp,1024,134.98,0.28,0.20743813898355315,1,1024,32
pn_sweep_step-p64-n32_mmp01,smolvlm2_256m,"{""mmap"": 1, ""n_prompt"": 1024, ""n_gen"": 64}",pp,1024,134.99,0.31,0.22964664049188827,1,1024,64
pn_sweep_step-p64-n32_mmp01,smolvlm2_256m,"{""mmap"": 1, ""n_prompt"": 1024, ""n_gen"": 96}",pp,1024,135.02,0.25,0.18515775440675455,1,1024,96
pn_sweep_step-p64-n32_mmp01,smolvlm2_256m,"{""mmap"": 1, ""n_prompt"": 1024, ""n_gen"": 128}",pp,1024,134.62,0.12,0.08913980092111128,1,1024,128
pn_sweep_step-p64-n32_mmp01,smolvlm2_256m,"{""mmap"": 0, ""n_prompt"": 128, ""n_gen"": 32}",pp,128,214.95,0.11,0.05117469178878809,0,128,32
pn_sweep_step-p64-n32_mmp01,smolvlm2_256m,"{""mmap"": 0, ""n_prompt"": 128, ""n_gen"": 64}",pp,128,214.74,0.16,0.07450870820527149,0,128,64
pn_sweep_step-p64-n32_mmp01,smolvlm2_256m,"{""mmap"": 0, ""n_prompt"": 128, ""n_gen"": 96}",pp,128,214.92,0.11,0.05118183510143309,0,128,96
pn_sweep_step-p64-n32_mmp01,smolvlm2_256m,"{""mmap"": 0, ""n_prompt"": 128, ""n_gen"": 128}",pp,128,214.99,0.13,0.060467928740871674,0,128,128
pn_sweep_step-p64-n32_mmp01,smolvlm2_256m,"{""mmap"": 1, ""n_prompt"": 128, ""n_gen"": 32}",pp,128,215.82,0.33,0.1529051987767584,1,128,32
pn_sweep_step-p64-n32_mmp01,smolvlm2_256m,"{""mmap"": 1, ""n_prompt"": 128, ""n_gen"": 64}",pp,128,215.44,0.2,0.09283327144448572,1,128,64
pn_sweep_step-p64-n32_mmp01,smolvlm2_256m,"{""mmap"": 1, ""n_prompt"": 128, ""n_gen"": 96}",pp,128,215.81,0.36,0.166813400676521,1,128,96
pn_sweep_step-p64-n32_mmp01,smolvlm2_256m,"{""mmap"": 1, ""n_prompt"": 128, ""n_gen"": 128}",pp,128,215.83,0.23,0.10656535236065422,1,128,128
pn_sweep_step-p64-n32_mmp01,smolvlm2_256m,"{""mmap"": 0, ""n_prompt"": 192, ""n_gen"": 32}",pp,192,227.91,0.1,0.04387696897898294,0,192,32
pn_sweep_step-p64-n32_mmp01,smolvlm2_256m,"{""mmap"": 0, ""n_prompt"": 192, ""n_gen"": 64}",pp,192,227.83,0.11,0.04828161348373787,0,192,64
pn_sweep_step-p64-n32_mmp01,smolvlm2_256m,"{""mmap"": 0, ""n_prompt"": 192, ""n_gen"": 96}",pp,192,227.85,0.05,0.021944261575597982,0,192,96
pn_sweep_step-p64-n32_mmp01,smolvlm2_256m,"{""mmap"": 0, ""n_prompt"": 192, ""n_gen"": 128}",pp,192,227.78,0.09,0.03951180964088155,0,192,128
pn_sweep_step-p64-n32_mmp01,smolvlm2_256m,"{""mmap"": 1, ""n_prompt"": 192, ""n_gen"": 32}",pp,192,228.6,0.32,0.1399825021872266,1,192,32
pn_sweep_step-p64-n32_mmp01,smolvlm2_256m,"{""mmap"": 1, ""n_prompt"": 192, ""n_gen"": 64}",pp,192,228.57,0.41,0.17937612110075687,1,192,64
pn_sweep_step-p64-n32_mmp01,smolvlm2_256m,"{""mmap"": 1, ""n_prompt"": 192, ""n_gen"": 96}",pp,192,228.48,0.57,0.24947478991596636,1,192,96
pn_sweep_step-p64-n32_mmp01,smolvlm2_256m,"{""mmap"": 1, ""n_prompt"": 192, ""n_gen"": 128}",pp,192,228.63,0.26,0.11372085902987358,1,192,128
pn_sweep_step-p64-n32_mmp01,smolvlm2_256m,"{""mmap"": 0, ""n_prompt"": 256, ""n_gen"": 32}",pp,256,204.54,0.06,0.02933411557641537,0,256,32
pn_sweep_step-p64-n32_mmp01,smolvlm2_256m,"{""mmap"": 0, ""n_prompt"": 256, ""n_gen"": 64}",pp,256,204.56,0.09,0.043996871333594055,0,256,64
pn_sweep_step-p64-n32_mmp01,smolvlm2_256m,"{""mmap"": 0, ""n_prompt"": 256, ""n_gen"": 96}",pp,256,204.72,0.21,0.10257913247362249,0,256,96
pn_sweep_step-p64-n32_mmp01,smolvlm2_256m,"{""mmap"": 0, ""n_prompt"": 256, ""n_gen"": 128}",pp,256,204.79,0.1,0.04883050930221203,0,256,128
pn_sweep_step-p64-n32_mmp01,smolvlm2_256m,"{""mmap"": 1, ""n_prompt"": 256, ""n_gen"": 32}",pp,256,205.21,0.31,0.15106476292578333,1,256,32
pn_sweep_step-p64-n32_mmp01,smolvlm2_256m,"{""mmap"": 1, ""n_prompt"": 256, ""n_gen"": 64}",pp,256,205.27,0.27,0.1315340770692259,1,256,64
pn_sweep_step-p64-n32_mmp01,smolvlm2_256m,"{""mmap"": 1, ""n_prompt"": 256, ""n_gen"": 96}",pp,256,205.19,0.23,0.11209123251620451,1,256,96
pn_sweep_step-p64-n32_mmp01,smolvlm2_256m,"{""mmap"": 1, ""n_prompt"": 256, ""n_gen"": 128}",pp,256,205.01,0.31,0.1512121359933662,1,256,128
pn_sweep_step-p64-n32_mmp01,smolvlm2_256m,"{""mmap"": 0, ""n_prompt"": 320, ""n_gen"": 32}",pp,320,204.6,0.28,0.13685239491691106,0,320,32
pn_sweep_step-p64-n32_mmp01,smolvlm2_256m,"{""mmap"": 0, ""n_prompt"": 320, ""n_gen"": 64}",pp,320,204.19,0.28,0.13712718546451835,0,320,64
pn_sweep_step-p64-n32_mmp01,smolvlm2_256m,"{""mmap"": 0, ""n_prompt"": 320, ""n_gen"": 96}",pp,320,203.89,0.33,0.16185197900828882,0,320,96
pn_sweep_step-p64-n32_mmp01,smolvlm2_256m,"{""mmap"": 0, ""n_prompt"": 320, ""n_gen"": 128}",pp,320,204.51,0.17,0.08312551953449711,0,320,128
pn_sweep_step-p64-n32_mmp01,smolvlm2_256m,"{""mmap"": 1, ""n_prompt"": 320, ""n_gen"": 32}",pp,320,204.87,0.45,0.2196514863083907,1,320,32
pn_sweep_step-p64-n32_mmp01,smolvlm2_256m,"{""mmap"": 1, ""n_prompt"": 320, ""n_gen"": 64}",pp,320,204.97,0.33,0.16099917061033323,1,320,64
pn_sweep_step-p64-n32_mmp01,smolvlm2_256m,"{""mmap"": 1, ""n_prompt"": 320, ""n_gen"": 96}",pp,320,204.78,0.41,0.20021486473288408,1,320,96
pn_sweep_step-p64-n32_mmp01,smolvlm2_256m,"{""mmap"": 1, ""n_prompt"": 320, ""n_gen"": 128}",pp,320,205.02,0.32,0.1560823334308848,1,320,128
pn_sweep_step-p64-n32_mmp01,smolvlm2_256m,"{""mmap"": 0, ""n_prompt"": 384, ""n_gen"": 32}",pp,384,201.73,0.31,0.15367074802954445,0,384,32
pn_sweep_step-p64-n32_mmp01,smolvlm2_256m,"{""mmap"": 0, ""n_prompt"": 384, ""n_gen"": 64}",pp,384,202.04,0.26,0.1286873886359137,0,384,64
pn_sweep_step-p64-n32_mmp01,smolvlm2_256m,"{""mmap"": 0, ""n_prompt"": 384, ""n_gen"": 96}",pp,384,201.99,0.41,0.20298034556166145,0,384,96
pn_sweep_step-p64-n32_mmp01,smolvlm2_256m,"{""mmap"": 0, ""n_prompt"": 384, ""n_gen"": 128}",pp,384,201.89,0.27,0.1337361929763733,0,384,128
pn_sweep_step-p64-n32_mmp01,smolvlm2_256m,"{""mmap"": 1, ""n_prompt"": 384, ""n_gen"": 32}",pp,384,202.04,0.47,0.23262720253415164,1,384,32
pn_sweep_step-p64-n32_mmp01,smolvlm2_256m,"{""mmap"": 1, ""n_prompt"": 384, ""n_gen"": 64}",pp,384,201.83,0.34,0.16845860377545457,1,384,64
pn_sweep_step-p64-n32_mmp01,smolvlm2_256m,"{""mmap"": 1, ""n_prompt"": 384, ""n_gen"": 96}",pp,384,201.82,0.41,0.2031513229610544,1,384,96
pn_sweep_step-p64-n32_mmp01,smolvlm2_256m,"{""mmap"": 1, ""n_prompt"": 384, ""n_gen"": 128}",pp,384,202.29,0.37,0.18290572939838845,1,384,128
pn_sweep_step-p64-n32_mmp01,smolvlm2_256m,"{""mmap"": 0, ""n_prompt"": 448, ""n_gen"": 32}",pp,448,185.43,0.38,0.20492908375128077,0,448,32
pn_sweep_step-p64-n32_mmp01,smolvlm2_256m,"{""mmap"": 0, ""n_prompt"": 448, ""n_gen"": 64}",pp,448,185.6,0.13,0.07004310344827587,0,448,64
pn_sweep_step-p64-n32_mmp01,smolvlm2_256m,"{""mmap"": 0, ""n_prompt"": 448, ""n_gen"": 96}",pp,448,185.52,0.16,0.08624407072013798,0,448,96
pn_sweep_step-p64-n32_mmp01,smolvlm2_256m,"{""mmap"": 0, ""n_prompt"": 448, ""n_gen"": 128}",pp,448,185.46,0.2,0.10783996549121105,0,448,128
pn_sweep_step-p64-n32_mmp01,smolvlm2_256m,"{""mmap"": 1, ""n_prompt"": 448, ""n_gen"": 32}",pp,448,185.78,0.37,0.1991602971256325,1,448,32
pn_sweep_step-p64-n32_mmp01,smolvlm2_256m,"{""mmap"": 1, ""n_prompt"": 448, ""n_gen"": 64}",pp,448,185.68,0.31,0.16695389918138734,1,448,64
pn_sweep_step-p64-n32_mmp01,smolvlm2_256m,"{""mmap"": 1, ""n_prompt"": 448, ""n_gen"": 96}",pp,448,185.82,0.29,0.15606500914863847,1,448,96
pn_sweep_step-p64-n32_mmp01,smolvlm2_256m,"{""mmap"": 1, ""n_prompt"": 448, ""n_gen"": 128}",pp,448,185.8,0.36,0.19375672766415497,1,448,128
pn_sweep_step-p64-n32_mmp01,smolvlm2_256m,"{""mmap"": 0, ""n_prompt"": 512, ""n_gen"": 32}",pp,512,181.26,0.29,0.15999117290080547,0,512,32
pn_sweep_step-p64-n32_mmp01,smolvlm2_256m,"{""mmap"": 0, ""n_prompt"": 512, ""n_gen"": 64}",pp,512,181.52,0.21,0.11568973115910092,0,512,64
pn_sweep_step-p64-n32_mmp01,smolvlm2_256m,"{""mmap"": 0, ""n_prompt"": 512, ""n_gen"": 96}",pp,512,181.4,0.18,0.09922822491730982,0,512,96
pn_sweep_step-p64-n32_mmp01,smolvlm2_256m,"{""mmap"": 0, ""n_prompt"": 512, ""n_gen"": 128}",pp,512,181.28,0.14,0.07722859664607237,0,512,128
pn_sweep_step-p64-n32_mmp01,smolvlm2_256m,"{""mmap"": 1, ""n_prompt"": 512, ""n_gen"": 32}",pp,512,181.6,0.32,0.1762114537444934,1,512,32
pn_sweep_step-p64-n32_mmp01,smolvlm2_256m,"{""mmap"": 1, ""n_prompt"": 512, ""n_gen"": 64}",pp,512,181.63,0.37,0.20371084072014536,1,512,64
pn_sweep_step-p64-n32_mmp01,smolvlm2_256m,"{""mmap"": 1, ""n_prompt"": 512, ""n_gen"": 96}",pp,512,181.76,0.31,0.17055457746478875,1,512,96
pn_sweep_step-p64-n32_mmp01,smolvlm2_256m,"{""mmap"": 1, ""n_prompt"": 512, ""n_gen"": 128}",pp,512,181.7,0.41,0.22564667033571822,1,512,128
pn_sweep_step-p64-n32_mmp01,smolvlm2_256m,"{""mmap"": 0, ""n_prompt"": 576, ""n_gen"": 32}",pp,576,177.77,0.31,0.17438262924002923,0,576,32
pn_sweep_step-p64-n32_mmp01,smolvlm2_256m,"{""mmap"": 0, ""n_prompt"": 576, ""n_gen"": 64}",pp,576,177.93,0.3,0.16860563142808968,0,576,64
pn_sweep_step-p64-n32_mmp01,smolvlm2_256m,"{""mmap"": 0, ""n_prompt"": 576, ""n_gen"": 96}",pp,576,177.47,0.17,0.09579083788809377,0,576,96
pn_sweep_step-p64-n32_mmp01,smolvlm2_256m,"{""mmap"": 0, ""n_prompt"": 576, ""n_gen"": 128}",pp,576,177.65,0.24,0.13509710104137349,0,576,128
pn_sweep_step-p64-n32_mmp01,smolvlm2_256m,"{""mmap"": 1, ""n_prompt"": 576, ""n_gen"": 32}",pp,576,178.01,0.33,0.18538284366046853,1,576,32
pn_sweep_step-p64-n32_mmp01,smolvlm2_256m,"{""mmap"": 1, ""n_prompt"": 576, ""n_gen"": 64}",pp,576,177.86,0.35,0.19678398740582478,1,576,64
pn_sweep_step-p64-n32_mmp01,smolvlm2_256m,"{""mmap"": 1, ""n_prompt"": 576, ""n_gen"": 96}",pp,576,177.93,0.44,0.2472882594278649,1,576,96
pn_sweep_step-p64-n32_mmp01,smolvlm2_256m,"{""mmap"": 1, ""n_prompt"": 576, ""n_gen"": 128}",pp,576,177.84,0.3,0.16869095816464236,1,576,128
pn_sweep_step-p64-n32_mmp01,smolvlm2_256m,"{""mmap"": 0, ""n_prompt"": 64, ""n_gen"": 32}",pp,64,174.96,0.1,0.057155921353452224,0,64,32
pn_sweep_step-p64-n32_mmp01,smolvlm2_256m,"{""mmap"": 0, ""n_prompt"": 64, ""n_gen"": 64}",pp,64,174.81,0.11,0.06292546193009553,0,64,64
pn_sweep_step-p64-n32_mmp01,smolvlm2_256m,"{""mmap"": 0, ""n_prompt"": 64, ""n_gen"": 96}",pp,64,174.55,0.11,0.06301919220853623,0,64,96
pn_sweep_step-p64-n32_mmp01,smolvlm2_256m,"{""mmap"": 0, ""n_prompt"": 64, ""n_gen"": 128}",pp,64,174.8,0.15,0.08581235697940504,0,64,128
pn_sweep_step-p64-n32_mmp01,smolvlm2_256m,"{""mmap"": 1, ""n_prompt"": 64, ""n_gen"": 32}",pp,64,175.42,0.24,0.13681450233724773,1,64,32
pn_sweep_step-p64-n32_mmp01,smolvlm2_256m,"{""mmap"": 1, ""n_prompt"": 64, ""n_gen"": 64}",pp,64,175.28,0.18,0.1026928343222273,1,64,64
pn_sweep_step-p64-n32_mmp01,smolvlm2_256m,"{""mmap"": 1, ""n_prompt"": 64, ""n_gen"": 96}",pp,64,175.41,0.23,0.13112137278376376,1,64,96
pn_sweep_step-p64-n32_mmp01,smolvlm2_256m,"{""mmap"": 1, ""n_prompt"": 64, ""n_gen"": 128}",pp,64,175.2,0.26,0.14840182648401826,1,64,128
pn_sweep_step-p64-n32_mmp01,smolvlm2_256m,"{""mmap"": 0, ""n_prompt"": 640, ""n_gen"": 32}",pp,640,166.68,0.14,0.083993280537557,0,640,32
pn_sweep_step-p64-n32_mmp01,smolvlm2_256m,"{""mmap"": 0, ""n_prompt"": 640, ""n_gen"": 64}",pp,640,166.81,0.11,0.06594328877165637,0,640,64
pn_sweep_step-p64-n32_mmp01,smolvlm2_256m,"{""mmap"": 0, ""n_prompt"": 640, ""n_gen"": 96}",pp,640,166.76,0.17,0.1019429119692972,0,640,96
pn_sweep_step-p64-n32_mmp01,smolvlm2_256m,"{""mmap"": 0, ""n_prompt"": 640, ""n_gen"": 128}",pp,640,166.78,0.18,0.10792660990526441,0,640,128
pn_sweep_step-p64-n32_mmp01,smolvlm2_256m,"{""mmap"": 1, ""n_prompt"": 640, ""n_gen"": 32}",pp,640,166.93,0.31,0.18570658359791528,1,640,32
pn_sweep_step-p64-n32_mmp01,smolvlm2_256m,"{""mmap"": 1, ""n_prompt"": 640, ""n_gen"": 64}",pp,640,166.99,0.27,0.16168632852266604,1,640,64
pn_sweep_step-p64-n32_mmp01,smolvlm2_256m,"{""mmap"": 1, ""n_prompt"": 640, ""n_gen"": 96}",pp,640,166.79,0.45,0.2698003477426705,1,640,96
pn_sweep_step-p64-n32_mmp01,smolvlm2_256m,"{""mmap"": 1, ""n_prompt"": 640, ""n_gen"": 128}",pp,640,167.08,0.34,0.20349533157768734,1,640,128
pn_sweep_step-p64-n32_mmp01,smolvlm2_256m,"{""mmap"": 0, ""n_prompt"": 704, ""n_gen"": 32}",pp,704,162.74,0.12,0.07373724960058989,0,704,32
pn_sweep_step-p64-n32_mmp01,smolvlm2_256m,"{""mmap"": 0, ""n_prompt"": 704, ""n_gen"": 64}",pp,704,161.86,0.13,0.08031632274805386,0,704,64
pn_sweep_step-p64-n32_mmp01,smolvlm2_256m,"{""mmap"": 0, ""n_prompt"": 704, ""n_gen"": 96}",pp,704,162.05,0.06,0.03702560937982104,0,704,96
pn_sweep_step-p64-n32_mmp01,smolvlm2_256m,"{""mmap"": 0, ""n_prompt"": 704, ""n_gen"": 128}",pp,704,162.31,0.23,0.14170414638654427,0,704,128
pn_sweep_step-p64-n32_mmp01,smolvlm2_256m,"{""mmap"": 1, ""n_prompt"": 704, ""n_gen"": 32}",pp,704,162.58,0.35,0.2152786320580637,1,704,32
pn_sweep_step-p64-n32_mmp01,smolvlm2_256m,"{""mmap"": 1, ""n_prompt"": 704, ""n_gen"": 64}",pp,704,162.53,0.32,0.19688672860395,1,704,64
pn_sweep_step-p64-n32_mmp01,smolvlm2_256m,"{""mmap"": 1, ""n_prompt"": 704, ""n_gen"": 96}",pp,704,162.69,0.29,0.17825311942959002,1,704,96
pn_sweep_step-p64-n32_mmp01,smolvlm2_256m,"{""mmap"": 1, ""n_prompt"": 704, ""n_gen"": 128}",pp,704,162.53,0.36,0.22149756967944378,1,704,128
pn_sweep_step-p64-n32_mmp01,smolvlm2_256m,"{""mmap"": 0, ""n_prompt"": 768, ""n_gen"": 32}",pp,768,157.88,0.24,0.15201418799087915,0,768,32
pn_sweep_step-p64-n32_mmp01,smolvlm2_256m,"{""mmap"": 0, ""n_prompt"": 768, ""n_gen"": 64}",pp,768,158.02,0.28,0.17719276041007467,0,768,64
pn_sweep_step-p64-n32_mmp01,smolvlm2_256m,"{""mmap"": 0, ""n_prompt"": 768, ""n_gen"": 96}",pp,768,157.83,0.2,0.1267186213014002,0,768,96
pn_sweep_step-p64-n32_mmp01,smolvlm2_256m,"{""mmap"": 0, ""n_prompt"": 768, ""n_gen"": 128}",pp,768,157.84,0.23,0.14571718195641156,0,768,128
pn_sweep_step-p64-n32_mmp01,smolvlm2_256m,"{""mmap"": 1, ""n_prompt"": 768, ""n_gen"": 32}",pp,768,157.97,0.22,0.13926694942077608,1,768,32
pn_sweep_step-p64-n32_mmp01,smolvlm2_256m,"{""mmap"": 1, ""n_prompt"": 768, ""n_gen"": 64}",pp,768,158.06,0.21,0.1328609388839681,1,768,64
pn_sweep_step-p64-n32_mmp01,smolvlm2_256m,"{""mmap"": 1, ""n_prompt"": 768, ""n_gen"": 96}",pp,768,157.93,0.25,0.15829798011777368,1,768,96
pn_sweep_step-p64-n32_mmp01,smolvlm2_256m,"{""mmap"": 1, ""n_prompt"": 768, ""n_gen"": 128}",pp,768,158.19,0.29,0.18332385106517476,1,768,128
pn_sweep_step-p64-n32_mmp01,smolvlm2_256m,"{""mmap"": 0, ""n_prompt"": 832, ""n_gen"": 32}",pp,832,149.8,0.14,0.09345794392523366,0,832,32
pn_sweep_step-p64-n32_mmp01,smolvlm2_256m,"{""mmap"": 0, ""n_prompt"": 832, ""n_gen"": 64}",pp,832,149.66,0.12,0.08018174528932247,0,832,64
pn_sweep_step-p64-n32_mmp01,smolvlm2_256m,"{""mmap"": 0, ""n_prompt"": 832, ""n_gen"": 96}",pp,832,149.88,0.06,0.040032025620496396,0,832,96
pn_sweep_step-p64-n32_mmp01,smolvlm2_256m,"{""mmap"": 0, ""n_prompt"": 832, ""n_gen"": 128}",pp,832,149.6,0.12,0.08021390374331551,0,832,128
pn_sweep_step-p64-n32_mmp01,smolvlm2_256m,"{""mmap"": 1, ""n_prompt"": 832, ""n_gen"": 32}",pp,832,150.08,0.24,0.1599147121535181,1,832,32
pn_sweep_step-p64-n32_mmp01,smolvlm2_256m,"{""mmap"": 1, ""n_prompt"": 832, ""n_gen"": 64}",pp,832,149.98,0.32,0.21336178157087612,1,832,64
pn_sweep_step-p64-n32_mmp01,smolvlm2_256m,"{""mmap"": 1, ""n_prompt"": 832, ""n_gen"": 96}",pp,832,149.89,0.2,0.13343118286743616,1,832,96
pn_sweep_step-p64-n32_mmp01,smolvlm2_256m,"{""mmap"": 1, ""n_prompt"": 832, ""n_gen"": 128}",pp,832,150.14,0.16,0.10656720394298655,1,832,128
pn_sweep_step-p64-n32_mmp01,smolvlm2_256m,"{""mmap"": 0, ""n_prompt"": 896, ""n_gen"": 32}",pp,896,145.93,0.18,0.12334681011443843,0,896,32
pn_sweep_step-p64-n32_mmp01,smolvlm2_256m,"{""mmap"": 0, ""n_prompt"": 896, ""n_gen"": 64}",pp,896,145.81,0.08,0.054865921404567586,0,896,64
pn_sweep_step-p64-n32_mmp01,smolvlm2_256m,"{""mmap"": 0, ""n_prompt"": 896, ""n_gen"": 96}",pp,896,145.63,0.11,0.07553388724850649,0,896,96
pn_sweep_step-p64-n32_mmp01,smolvlm2_256m,"{""mmap"": 0, ""n_prompt"": 896, ""n_gen"": 128}",pp,896,145.93,0.15,0.10278900842869867,0,896,128
pn_sweep_step-p64-n32_mmp01,smolvlm2_256m,"{""mmap"": 1, ""n_prompt"": 896, ""n_gen"": 32}",pp,896,145.97,0.29,0.19867095978625743,1,896,32
pn_sweep_step-p64-n32_mmp01,smolvlm2_256m,"{""mmap"": 1, ""n_prompt"": 896, ""n_gen"": 64}",pp,896,146.0,0.27,0.18493150684931509,1,896,64
pn_sweep_step-p64-n32_mmp01,smolvlm2_256m,"{""mmap"": 1, ""n_prompt"": 896, ""n_gen"": 96}",pp,896,145.98,0.23,0.15755582956569397,1,896,96
pn_sweep_step-p64-n32_mmp01,smolvlm2_256m,"{""mmap"": 1, ""n_prompt"": 896, ""n_gen"": 128}",pp,896,146.22,0.27,0.18465326220763234,1,896,128
pn_sweep_step-p64-n32_mmp01,smolvlm2_256m,"{""mmap"": 0, ""n_prompt"": 960, ""n_gen"": 32}",pp,960,141.67,0.11,0.07764523187689702,0,960,32
pn_sweep_step-p64-n32_mmp01,smolvlm2_256m,"{""mmap"": 0, ""n_prompt"": 960, ""n_gen"": 64}",pp,960,141.61,0.22,0.15535626015111925,0,960,64
pn_sweep_step-p64-n32_mmp01,smolvlm2_256m,"{""mmap"": 0, ""n_prompt"": 960, ""n_gen"": 96}",pp,960,141.63,0.06,0.042363905952128786,0,960,96
pn_sweep_step-p64-n32_mmp01,smolvlm2_256m,"{""mmap"": 0, ""n_prompt"": 960, ""n_gen"": 128}",pp,960,140.29,0.14,0.09979328533751515,0,960,128
pn_sweep_step-p64-n32_mmp01,smolvlm2_256m,"{""mmap"": 1, ""n_prompt"": 960, ""n_gen"": 32}",pp,960,141.85,0.11,0.07754670426506874,1,960,32
pn_sweep_step-p64-n32_mmp01,smolvlm2_256m,"{""mmap"": 1, ""n_prompt"": 960, ""n_gen"": 64}",pp,960,141.81,0.24,0.16924053310767928,1,960,64
pn_sweep_step-p64-n32_mmp01,smolvlm2_256m,"{""mmap"": 1, ""n_prompt"": 960, ""n_gen"": 96}",pp,960,141.74,0.29,0.2045999717793142,1,960,96
pn_sweep_step-p64-n32_mmp01,smolvlm2_256m,"{""mmap"": 1, ""n_prompt"": 960, ""n_gen"": 128}",pp,960,141.8,0.27,0.19040902679830748,1,960,128
pn_sweep_step-p64-n32_mmp01,smolvlm2_256m,"{""mmap"": 0, ""n_prompt"": 64, ""n_gen"": 128}",tg,128,41.46,0.05,0.120598166907863,0,64,128
pn_sweep_step-p64-n32_mmp01,smolvlm2_256m,"{""mmap"": 0, ""n_prompt"": 128, ""n_gen"": 128}",tg,128,40.92,0.18,0.439882697947214,0,128,128
pn_sweep_step-p64-n32_mmp01,smolvlm2_256m,"{""mmap"": 0, ""n_prompt"": 192, ""n_gen"": 128}",tg,128,42.01,0.17,0.40466555582004293,0,192,128
pn_sweep_step-p64-n32_mmp01,smolvlm2_256m,"{""mmap"": 0, ""n_prompt"": 256, ""n_gen"": 128}",tg,128,41.77,0.13,0.31122815417763944,0,256,128
pn_sweep_step-p64-n32_mmp01,smolvlm2_256m,"{""mmap"": 0, ""n_prompt"": 320, ""n_gen"": 128}",tg,128,41.0,0.03,0.07317073170731707,0,320,128
pn_sweep_step-p64-n32_mmp01,smolvlm2_256m,"{""mmap"": 0, ""n_prompt"": 384, ""n_gen"": 128}",tg,128,41.55,0.05,0.12033694344163659,0,384,128
pn_sweep_step-p64-n32_mmp01,smolvlm2_256m,"{""mmap"": 0, ""n_prompt"": 448, ""n_gen"": 128}",tg,128,40.71,0.04,0.09825595676737901,0,448,128
pn_sweep_step-p64-n32_mmp01,smolvlm2_256m,"{""mmap"": 0, ""n_prompt"": 512, ""n_gen"": 128}",tg,128,41.8,0.07,0.1674641148325359,0,512,128
pn_sweep_step-p64-n32_mmp01,smolvlm2_256m,"{""mmap"": 0, ""n_prompt"": 576, ""n_gen"": 128}",tg,128,41.97,0.07,0.1667857993805099,0,576,128
pn_sweep_step-p64-n32_mmp01,smolvlm2_256m,"{""mmap"": 0, ""n_prompt"": 640, ""n_gen"": 128}",tg,128,40.87,0.04,0.09787129924149746,0,640,128
pn_sweep_step-p64-n32_mmp01,smolvlm2_256m,"{""mmap"": 0, ""n_prompt"": 704, ""n_gen"": 128}",tg,128,42.03,0.05,0.11896264572924102,0,704,128
pn_sweep_step-p64-n32_mmp01,smolvlm2_256m,"{""mmap"": 0, ""n_prompt"": 768, ""n_gen"": 128}",tg,128,40.91,0.04,0.09777560498655587,0,768,128
pn_sweep_step-p64-n32_mmp01,smolvlm2_256m,"{""mmap"": 0, ""n_prompt"": 832, ""n_gen"": 128}",tg,128,41.41,0.17,0.41052885776382525,0,832,128
pn_sweep_step-p64-n32_mmp01,smolvlm2_256m,"{""mmap"": 0, ""n_prompt"": 896, ""n_gen"": 128}",tg,128,41.37,0.26,0.6284747401498672,0,896,128
pn_sweep_step-p64-n32_mmp01,smolvlm2_256m,"{""mmap"": 0, ""n_prompt"": 960, ""n_gen"": 128}",tg,128,42.12,0.06,0.14245014245014245,0,960,128
pn_sweep_step-p64-n32_mmp01,smolvlm2_256m,"{""mmap"": 0, ""n_prompt"": 1024, ""n_gen"": 128}",tg,128,40.89,0.02,0.048911714355588165,0,1024,128
pn_sweep_step-p64-n32_mmp01,smolvlm2_256m,"{""mmap"": 1, ""n_prompt"": 64, ""n_gen"": 128}",tg,128,42.15,0.12,0.2846975088967972,1,64,128
pn_sweep_step-p64-n32_mmp01,smolvlm2_256m,"{""mmap"": 1, ""n_prompt"": 128, ""n_gen"": 128}",tg,128,42.7,0.06,0.1405152224824356,1,128,128
pn_sweep_step-p64-n32_mmp01,smolvlm2_256m,"{""mmap"": 1, ""n_prompt"": 192, ""n_gen"": 128}",tg,128,42.63,0.06,0.1407459535538353,1,192,128
pn_sweep_step-p64-n32_mmp01,smolvlm2_256m,"{""mmap"": 1, ""n_prompt"": 256, ""n_gen"": 128}",tg,128,42.7,0.05,0.117096018735363,1,256,128
pn_sweep_step-p64-n32_mmp01,smolvlm2_256m,"{""mmap"": 1, ""n_prompt"": 320, ""n_gen"": 128}",tg,128,42.79,0.04,0.09347978499649451,1,320,128
pn_sweep_step-p64-n32_mmp01,smolvlm2_256m,"{""mmap"": 1, ""n_prompt"": 384, ""n_gen"": 128}",tg,128,42.4,0.37,0.8726415094339622,1,384,128
pn_sweep_step-p64-n32_mmp01,smolvlm2_256m,"{""mmap"": 1, ""n_prompt"": 448, ""n_gen"": 128}",tg,128,42.53,0.07,0.16458970138725607,1,448,128
pn_sweep_step-p64-n32_mmp01,smolvlm2_256m,"{""mmap"": 1, ""n_prompt"": 512, ""n_gen"": 128}",tg,128,42.56,0.12,0.28195488721804507,1,512,128
pn_sweep_step-p64-n32_mmp01,smolvlm2_256m,"{""mmap"": 1, ""n_prompt"": 576, ""n_gen"": 128}",tg,128,42.79,0.1,0.2336994624912363,1,576,128
pn_sweep_step-p64-n32_mmp01,smolvlm2_256m,"{""mmap"": 1, ""n_prompt"": 640, ""n_gen"": 128}",tg,128,42.44,0.21,0.4948162111215834,1,640,128
pn_sweep_step-p64-n32_mmp01,smolvlm2_256m,"{""mmap"": 1, ""n_prompt"": 704, ""n_gen"": 128}",tg,128,41.53,0.24,0.5778954972309174,1,704,128
pn_sweep_step-p64-n32_mmp01,smolvlm2_256m,"{""mmap"": 1, ""n_prompt"": 768, ""n_gen"": 128}",tg,128,42.46,0.16,0.3768252472915685,1,768,128
pn_sweep_step-p64-n32_mmp01,smolvlm2_256m,"{""mmap"": 1, ""n_prompt"": 832, ""n_gen"": 128}",tg,128,42.55,0.52,1.2220916568742657,1,832,128
pn_sweep_step-p64-n32_mmp01,smolvlm2_256m,"{""mmap"": 1, ""n_prompt"": 896, ""n_gen"": 128}",tg,128,42.44,0.16,0.37700282752120645,1,896,128
pn_sweep_step-p64-n32_mmp01,smolvlm2_256m,"{""mmap"": 1, ""n_prompt"": 960, ""n_gen"": 128}",tg,128,42.67,0.03,0.07030700726505741,1,960,128
pn_sweep_step-p64-n32_mmp01,smolvlm2_256m,"{""mmap"": 1, ""n_prompt"": 1024, ""n_gen"": 128}",tg,128,42.45,0.17,0.4004711425206125,1,1024,128
pn_sweep_step-p64-n32_mmp01,smolvlm2_256m,"{""mmap"": 0, ""n_prompt"": 64, ""n_gen"": 32}",tg,32,43.21,0.09,0.20828511918537373,0,64,32
pn_sweep_step-p64-n32_mmp01,smolvlm2_256m,"{""mmap"": 0, ""n_prompt"": 128, ""n_gen"": 32}",tg,32,42.5,0.06,0.1411764705882353,0,128,32
pn_sweep_step-p64-n32_mmp01,smolvlm2_256m,"{""mmap"": 0, ""n_prompt"": 192, ""n_gen"": 32}",tg,32,43.2,0.09,0.20833333333333334,0,192,32
pn_sweep_step-p64-n32_mmp01,smolvlm2_256m,"{""mmap"": 0, ""n_prompt"": 256, ""n_gen"": 32}",tg,32,43.15,0.2,0.4634994206257243,0,256,32
pn_sweep_step-p64-n32_mmp01,smolvlm2_256m,"{""mmap"": 0, ""n_prompt"": 320, ""n_gen"": 32}",tg,32,42.97,0.1,0.2327205026762858,0,320,32
pn_sweep_step-p64-n32_mmp01,smolvlm2_256m,"{""mmap"": 0, ""n_prompt"": 384, ""n_gen"": 32}",tg,32,42.93,0.19,0.4425809457255998,0,384,32
pn_sweep_step-p64-n32_mmp01,smolvlm2_256m,"{""mmap"": 0, ""n_prompt"": 448, ""n_gen"": 32}",tg,32,42.21,0.3,0.7107320540156361,0,448,32
pn_sweep_step-p64-n32_mmp01,smolvlm2_256m,"{""mmap"": 0, ""n_prompt"": 512, ""n_gen"": 32}",tg,32,42.56,0.04,0.09398496240601503,0,512,32
pn_sweep_step-p64-n32_mmp01,smolvlm2_256m,"{""mmap"": 0, ""n_prompt"": 576, ""n_gen"": 32}",tg,32,42.16,0.44,1.0436432637571158,0,576,32
pn_sweep_step-p64-n32_mmp01,smolvlm2_256m,"{""mmap"": 0, ""n_prompt"": 640, ""n_gen"": 32}",tg,32,42.59,0.3,0.7043907020427329,0,640,32
pn_sweep_step-p64-n32_mmp01,smolvlm2_256m,"{""mmap"": 0, ""n_prompt"": 704, ""n_gen"": 32}",tg,32,42.06,0.03,0.07132667617689015,0,704,32
pn_sweep_step-p64-n32_mmp01,smolvlm2_256m,"{""mmap"": 0, ""n_prompt"": 768, ""n_gen"": 32}",tg,32,43.28,0.09,0.20794824399260628,0,768,32
pn_sweep_step-p64-n32_mmp01,smolvlm2_256m,"{""mmap"": 0, ""n_prompt"": 832, ""n_gen"": 32}",tg,32,42.95,0.04,0.09313154831199069,0,832,32
pn_sweep_step-p64-n32_mmp01,smolvlm2_256m,"{""mmap"": 0, ""n_prompt"": 896, ""n_gen"": 32}",tg,32,43.18,0.09,0.20842982862436313,0,896,32
pn_sweep_step-p64-n32_mmp01,smolvlm2_256m,"{""mmap"": 0, ""n_prompt"": 960, ""n_gen"": 32}",tg,32,42.13,0.08,0.18988844054118204,0,960,32
pn_sweep_step-p64-n32_mmp01,smolvlm2_256m,"{""mmap"": 0, ""n_prompt"": 1024, ""n_gen"": 32}",tg,32,43.22,0.03,0.06941230911614993,0,1024,32
pn_sweep_step-p64-n32_mmp01,smolvlm2_256m,"{""mmap"": 1, ""n_prompt"": 64, ""n_gen"": 32}",tg,32,42.96,0.08,0.186219739292365,1,64,32
pn_sweep_step-p64-n32_mmp01,smolvlm2_256m,"{""mmap"": 1, ""n_prompt"": 128, ""n_gen"": 32}",tg,32,43.5,0.37,0.8505747126436782,1,128,32
pn_sweep_step-p64-n32_mmp01,smolvlm2_256m,"{""mmap"": 1, ""n_prompt"": 192, ""n_gen"": 32}",tg,32,43.07,0.11,0.2553981889946598,1,192,32
pn_sweep_step-p64-n32_mmp01,smolvlm2_256m,"{""mmap"": 1, ""n_prompt"": 256, ""n_gen"": 32}",tg,32,43.72,0.05,0.11436413540713633,1,256,32
pn_sweep_step-p64-n32_mmp01,smolvlm2_256m,"{""mmap"": 1, ""n_prompt"": 320, ""n_gen"": 32}",tg,32,43.94,0.1,0.22758306781975424,1,320,32
pn_sweep_step-p64-n32_mmp01,smolvlm2_256m,"{""mmap"": 1, ""n_prompt"": 384, ""n_gen"": 32}",tg,32,43.71,0.09,0.20590253946465337,1,384,32
pn_sweep_step-p64-n32_mmp01,smolvlm2_256m,"{""mmap"": 1, ""n_prompt"": 448, ""n_gen"": 32}",tg,32,43.62,0.12,0.2751031636863824,1,448,32
pn_sweep_step-p64-n32_mmp01,smolvlm2_256m,"{""mmap"": 1, ""n_prompt"": 512, ""n_gen"": 32}",tg,32,43.85,0.29,0.661345496009122,1,512,32
pn_sweep_step-p64-n32_mmp01,smolvlm2_256m,"{""mmap"": 1, ""n_prompt"": 576, ""n_gen"": 32}",tg,32,44.12,0.09,0.20398912058023572,1,576,32
pn_sweep_step-p64-n32_mmp01,smolvlm2_256m,"{""mmap"": 1, ""n_prompt"": 640, ""n_gen"": 32}",tg,32,43.02,0.14,0.3254300325430033,1,640,32
pn_sweep_step-p64-n32_mmp01,smolvlm2_256m,"{""mmap"": 1, ""n_prompt"": 704, ""n_gen"": 32}",tg,32,43.42,0.04,0.09212344541685859,1,704,32
pn_sweep_step-p64-n32_mmp01,smolvlm2_256m,"{""mmap"": 1, ""n_prompt"": 768, ""n_gen"": 32}",tg,32,44.19,0.08,0.18103643358225843,1,768,32
pn_sweep_step-p64-n32_mmp01,smolvlm2_256m,"{""mmap"": 1, ""n_prompt"": 832, ""n_gen"": 32}",tg,32,43.94,0.07,0.15930814747382796,1,832,32
pn_sweep_step-p64-n32_mmp01,smolvlm2_256m,"{""mmap"": 1, ""n_prompt"": 896, ""n_gen"": 32}",tg,32,43.89,0.07,0.15948963317384374,1,896,32
pn_sweep_step-p64-n32_mmp01,smolvlm2_256m,"{""mmap"": 1, ""n_prompt"": 960, ""n_gen"": 32}",tg,32,44.01,0.04,0.09088843444671665,1,960,32
pn_sweep_step-p64-n32_mmp01,smolvlm2_256m,"{""mmap"": 1, ""n_prompt"": 1024, ""n_gen"": 32}",tg,32,44.06,0.09,0.20426690876078074,1,1024,32
pn_sweep_step-p64-n32_mmp01,smolvlm2_256m,"{""mmap"": 0, ""n_prompt"": 64, ""n_gen"": 64}",tg,64,42.08,0.26,0.6178707224334602,0,64,64
pn_sweep_step-p64-n32_mmp01,smolvlm2_256m,"{""mmap"": 0, ""n_prompt"": 128, ""n_gen"": 64}",tg,64,42.45,0.07,0.16489988221436985,0,128,64
pn_sweep_step-p64-n32_mmp01,smolvlm2_256m,"{""mmap"": 0, ""n_prompt"": 192, ""n_gen"": 64}",tg,64,42.74,0.16,0.37435657463734207,0,192,64
pn_sweep_step-p64-n32_mmp01,smolvlm2_256m,"{""mmap"": 0, ""n_prompt"": 256, ""n_gen"": 64}",tg,64,42.72,0.05,0.11704119850187267,0,256,64
pn_sweep_step-p64-n32_mmp01,smolvlm2_256m,"{""mmap"": 0, ""n_prompt"": 320, ""n_gen"": 64}",tg,64,42.17,0.01,0.023713540431586435,0,320,64
pn_sweep_step-p64-n32_mmp01,smolvlm2_256m,"{""mmap"": 0, ""n_prompt"": 384, ""n_gen"": 64}",tg,64,42.68,0.12,0.28116213683223995,0,384,64
pn_sweep_step-p64-n32_mmp01,smolvlm2_256m,"{""mmap"": 0, ""n_prompt"": 448, ""n_gen"": 64}",tg,64,41.74,0.03,0.07187350263536176,0,448,64
pn_sweep_step-p64-n32_mmp01,smolvlm2_256m,"{""mmap"": 0, ""n_prompt"": 512, ""n_gen"": 64}",tg,64,42.36,0.13,0.30689329556185085,0,512,64
pn_sweep_step-p64-n32_mmp01,smolvlm2_256m,"{""mmap"": 0, ""n_prompt"": 576, ""n_gen"": 64}",tg,64,42.58,0.5,1.17426021606388,0,576,64
pn_sweep_step-p64-n32_mmp01,smolvlm2_256m,"{""mmap"": 0, ""n_prompt"": 640, ""n_gen"": 64}",tg,64,42.73,0.04,0.09361104610344022,0,640,64
pn_sweep_step-p64-n32_mmp01,smolvlm2_256m,"{""mmap"": 0, ""n_prompt"": 704, ""n_gen"": 64}",tg,64,41.8,0.04,0.09569377990430623,0,704,64
pn_sweep_step-p64-n32_mmp01,smolvlm2_256m,"{""mmap"": 0, ""n_prompt"": 768, ""n_gen"": 64}",tg,64,42.77,0.08,0.18704699555763385,0,768,64
pn_sweep_step-p64-n32_mmp01,smolvlm2_256m,"{""mmap"": 0, ""n_prompt"": 832, ""n_gen"": 64}",tg,64,42.83,0.11,0.25682932523931823,0,832,64
pn_sweep_step-p64-n32_mmp01,smolvlm2_256m,"{""mmap"": 0, ""n_prompt"": 896, ""n_gen"": 64}",tg,64,42.39,0.2,0.4718093890068413,0,896,64
pn_sweep_step-p64-n32_mmp01,smolvlm2_256m,"{""mmap"": 0, ""n_prompt"": 960, ""n_gen"": 64}",tg,64,42.62,0.05,0.11731581417175037,0,960,64
pn_sweep_step-p64-n32_mmp01,smolvlm2_256m,"{""mmap"": 0, ""n_prompt"": 1024, ""n_gen"": 64}",tg,64,43.02,0.04,0.09298000929800093,0,1024,64
pn_sweep_step-p64-n32_mmp01,smolvlm2_256m,"{""mmap"": 1, ""n_prompt"": 64, ""n_gen"": 64}",tg,64,42.83,0.14,0.32687368666822325,1,64,64
pn_sweep_step-p64-n32_mmp01,smolvlm2_256m,"{""mmap"": 1, ""n_prompt"": 128, ""n_gen"": 64}",tg,64,42.5,0.18,0.4235294117647058,1,128,64
pn_sweep_step-p64-n32_mmp01,smolvlm2_256m,"{""mmap"": 1, ""n_prompt"": 192, ""n_gen"": 64}",tg,64,42.78,0.24,0.5610098176718092,1,192,64
pn_sweep_step-p64-n32_mmp01,smolvlm2_256m,"{""mmap"": 1, ""n_prompt"": 256, ""n_gen"": 64}",tg,64,43.99,0.04,0.09092975676290066,1,256,64
pn_sweep_step-p64-n32_mmp01,smolvlm2_256m,"{""mmap"": 1, ""n_prompt"": 320, ""n_gen"": 64}",tg,64,44.21,0.06,0.13571590137977832,1,320,64
pn_sweep_step-p64-n32_mmp01,smolvlm2_256m,"{""mmap"": 1, ""n_prompt"": 384, ""n_gen"": 64}",tg,64,43.65,0.12,0.274914089347079,1,384,64
pn_sweep_step-p64-n32_mmp01,smolvlm2_256m,"{""mmap"": 1, ""n_prompt"": 448, ""n_gen"": 64}",tg,64,42.5,0.08,0.18823529411764706,1,448,64
pn_sweep_step-p64-n32_mmp01,smolvlm2_256m,"{""mmap"": 1, ""n_prompt"": 512, ""n_gen"": 64}",tg,64,43.78,0.12,0.2740977615349474,1,512,64
pn_sweep_step-p64-n32_mmp01,smolvlm2_256m,"{""mmap"": 1, ""n_prompt"": 576, ""n_gen"": 64}",tg,64,43.24,0.07,0.16188714153561518,1,576,64
pn_sweep_step-p64-n32_mmp01,smolvlm2_256m,"{""mmap"": 1, ""n_prompt"": 640, ""n_gen"": 64}",tg,64,43.17,0.38,0.8802409080379893,1,640,64
pn_sweep_step-p64-n32_mmp01,smolvlm2_256m,"{""mmap"": 1, ""n_prompt"": 704, ""n_gen"": 64}",tg,64,43.78,0.27,0.6167199634536319,1,704,64
pn_sweep_step-p64-n32_mmp01,smolvlm2_256m,"{""mmap"": 1, ""n_prompt"": 768, ""n_gen"": 64}",tg,64,43.5,0.13,0.2988505747126437,1,768,64
pn_sweep_step-p64-n32_mmp01,smolvlm2_256m,"{""mmap"": 1, ""n_prompt"": 832, ""n_gen"": 64}",tg,64,43.87,0.03,0.06838386140870754,1,832,64
pn_sweep_step-p64-n32_mmp01,smolvlm2_256m,"{""mmap"": 1, ""n_prompt"": 896, ""n_gen"": 64}",tg,64,42.74,0.06,0.14038371548900327,1,896,64
pn_sweep_step-p64-n32_mmp01,smolvlm2_256m,"{""mmap"": 1, ""n_prompt"": 960, ""n_gen"": 64}",tg,64,43.9,0.08,0.18223234624145787,1,960,64
pn_sweep_step-p64-n32_mmp01,smolvlm2_256m,"{""mmap"": 1, ""n_prompt"": 1024, ""n_gen"": 64}",tg,64,43.04,0.31,0.7202602230483272,1,1024,64
pn_sweep_step-p64-n32_mmp01,smolvlm2_256m,"{""mmap"": 0, ""n_prompt"": 64, ""n_gen"": 96}",tg,96,41.65,0.07,0.16806722689075634,0,64,96
pn_sweep_step-p64-n32_mmp01,smolvlm2_256m,"{""mmap"": 0, ""n_prompt"": 128, ""n_gen"": 96}",tg,96,41.88,0.09,0.21489971346704867,0,128,96
pn_sweep_step-p64-n32_mmp01,smolvlm2_256m,"{""mmap"": 0, ""n_prompt"": 192, ""n_gen"": 96}",tg,96,41.81,0.06,0.1435063381966037,0,192,96
pn_sweep_step-p64-n32_mmp01,smolvlm2_256m,"{""mmap"": 0, ""n_prompt"": 256, ""n_gen"": 96}",tg,96,42.06,0.03,0.07132667617689015,0,256,96
pn_sweep_step-p64-n32_mmp01,smolvlm2_256m,"{""mmap"": 0, ""n_prompt"": 320, ""n_gen"": 96}",tg,96,41.74,0.07,0.1677048394825108,0,320,96
pn_sweep_step-p64-n32_mmp01,smolvlm2_256m,"{""mmap"": 0, ""n_prompt"": 384, ""n_gen"": 96}",tg,96,42.18,0.12,0.28449502133712656,0,384,96
pn_sweep_step-p64-n32_mmp01,smolvlm2_256m,"{""mmap"": 0, ""n_prompt"": 448, ""n_gen"": 96}",tg,96,41.73,0.04,0.0958543014617781,0,448,96
pn_sweep_step-p64-n32_mmp01,smolvlm2_256m,"{""mmap"": 0, ""n_prompt"": 512, ""n_gen"": 96}",tg,96,42.01,0.05,0.11901928112354203,0,512,96
pn_sweep_step-p64-n32_mmp01,smolvlm2_256m,"{""mmap"": 0, ""n_prompt"": 576, ""n_gen"": 96}",tg,96,41.71,0.08,0.1918005274514505,0,576,96
pn_sweep_step-p64-n32_mmp01,smolvlm2_256m,"{""mmap"": 0, ""n_prompt"": 640, ""n_gen"": 96}",tg,96,41.99,0.2,0.4763038818766373,0,640,96
pn_sweep_step-p64-n32_mmp01,smolvlm2_256m,"{""mmap"": 0, ""n_prompt"": 704, ""n_gen"": 96}",tg,96,41.23,0.08,0.19403347077370847,0,704,96
pn_sweep_step-p64-n32_mmp01,smolvlm2_256m,"{""mmap"": 0, ""n_prompt"": 768, ""n_gen"": 96}",tg,96,41.99,0.14,0.33341271731364613,0,768,96
pn_sweep_step-p64-n32_mmp01,smolvlm2_256m,"{""mmap"": 0, ""n_prompt"": 832, ""n_gen"": 96}",tg,96,41.95,0.2,0.47675804529201427,0,832,96
pn_sweep_step-p64-n32_mmp01,smolvlm2_256m,"{""mmap"": 0, ""n_prompt"": 896, ""n_gen"": 96}",tg,96,42.29,0.04,0.09458500827618822,0,896,96
pn_sweep_step-p64-n32_mmp01,smolvlm2_256m,"{""mmap"": 0, ""n_prompt"": 960, ""n_gen"": 96}",tg,96,41.61,0.03,0.07209805335255948,0,960,96
pn_sweep_step-p64-n32_mmp01,smolvlm2_256m,"{""mmap"": 0, ""n_prompt"": 1024, ""n_gen"": 96}",tg,96,42.37,0.08,0.18881283927307058,0,1024,96
pn_sweep_step-p64-n32_mmp01,smolvlm2_256m,"{""mmap"": 1, ""n_prompt"": 64, ""n_gen"": 96}",tg,96,42.7,0.07,0.16393442622950818,1,64,96
pn_sweep_step-p64-n32_mmp01,smolvlm2_256m,"{""mmap"": 1, ""n_prompt"": 128, ""n_gen"": 96}",tg,96,41.5,0.06,0.14457831325301204,1,128,96
pn_sweep_step-p64-n32_mmp01,smolvlm2_256m,"{""mmap"": 1, ""n_prompt"": 192, ""n_gen"": 96}",tg,96,42.73,0.09,0.21062485373274045,1,192,96
pn_sweep_step-p64-n32_mmp01,smolvlm2_256m,"{""mmap"": 1, ""n_prompt"": 256, ""n_gen"": 96}",tg,96,42.5,0.06,0.1411764705882353,1,256,96
pn_sweep_step-p64-n32_mmp01,smolvlm2_256m,"{""mmap"": 1, ""n_prompt"": 320, ""n_gen"": 96}",tg,96,41.36,0.07,0.16924564796905225,1,320,96
pn_sweep_step-p64-n32_mmp01,smolvlm2_256m,"{""mmap"": 1, ""n_prompt"": 384, ""n_gen"": 96}",tg,96,41.22,0.31,0.7520621057738962,1,384,96
pn_sweep_step-p64-n32_mmp01,smolvlm2_256m,"{""mmap"": 1, ""n_prompt"": 448, ""n_gen"": 96}",tg,96,42.81,0.05,0.116795141322121,1,448,96
pn_sweep_step-p64-n32_mmp01,smolvlm2_256m,"{""mmap"": 1, ""n_prompt"": 512, ""n_gen"": 96}",tg,96,42.75,0.03,0.07017543859649122,1,512,96
pn_sweep_step-p64-n32_mmp01,smolvlm2_256m,"{""mmap"": 1, ""n_prompt"": 576, ""n_gen"": 96}",tg,96,41.7,0.36,0.8633093525179856,1,576,96
pn_sweep_step-p64-n32_mmp01,smolvlm2_256m,"{""mmap"": 1, ""n_prompt"": 640, ""n_gen"": 96}",tg,96,42.75,0.02,0.046783625730994156,1,640,96
pn_sweep_step-p64-n32_mmp01,smolvlm2_256m,"{""mmap"": 1, ""n_prompt"": 704, ""n_gen"": 96}",tg,96,41.5,0.06,0.14457831325301204,1,704,96
pn_sweep_step-p64-n32_mmp01,smolvlm2_256m,"{""mmap"": 1, ""n_prompt"": 768, ""n_gen"": 96}",tg,96,42.78,0.08,0.18700327255726976,1,768,96
pn_sweep_step-p64-n32_mmp01,smolvlm2_256m,"{""mmap"": 1, ""n_prompt"": 832, ""n_gen"": 96}",tg,96,42.6,0.09,0.21126760563380279,1,832,96
pn_sweep_step-p64-n32_mmp01,smolvlm2_256m,"{""mmap"": 1, ""n_prompt"": 896, ""n_gen"": 96}",tg,96,42.96,0.06,0.13966480446927373,1,896,96
pn_sweep_step-p64-n32_mmp01,smolvlm2_256m,"{""mmap"": 1, ""n_prompt"": 960, ""n_gen"": 96}",tg,96,42.31,0.29,0.685417159064051,1,960,96
pn_sweep_step-p64-n32_mmp01,smolvlm2_256m,"{""mmap"": 1, ""n_prompt"": 1024, ""n_gen"": 96}",tg,96,42.42,0.22,0.5186232909005186,1,1024,96
