suite_name,model_name,base_parameters,result_type,result_parameter,mean_value,std_value,cv_value,dynamicoption,n_prompt,n_gen
pn_sweep_step-p64-n32_n32_dyo78,qwen2_5_0_5b,"{""dynamicOption"": 7, ""n_prompt"": 1024, ""n_gen"": 32}",pp,1024,68.61,0.02,0.029150269639994168,7,1024,32
pn_sweep_step-p64-n32_n32_dyo78,qwen2_5_0_5b,"{""dynamicOption"": 7, ""n_prompt"": 1024, ""n_gen"": 64}",pp,1024,68.71,0.05,0.07276961141027508,7,1024,64
pn_sweep_step-p64-n32_n32_dyo78,qwen2_5_0_5b,"{""dynamicOption"": 7, ""n_prompt"": 1024, ""n_gen"": 96}",pp,1024,68.62,0.03,0.043719032352083936,7,1024,96
pn_sweep_step-p64-n32_n32_dyo78,qwen2_5_0_5b,"{""dynamicOption"": 7, ""n_prompt"": 1024, ""n_gen"": 128}",pp,1024,68.7,0.03,0.043668122270742356,7,1024,128
pn_sweep_step-p64-n32_n32_dyo78,qwen2_5_0_5b,"{""dynamicOption"": 8, ""n_prompt"": 1024, ""n_gen"": 32}",pp,1024,68.72,0.02,0.02910360884749709,8,1024,32
pn_sweep_step-p64-n32_n32_dyo78,qwen2_5_0_5b,"{""dynamicOption"": 8, ""n_prompt"": 1024, ""n_gen"": 64}",pp,1024,68.71,0.06,0.08732353369233009,8,1024,64
pn_sweep_step-p64-n32_n32_dyo78,qwen2_5_0_5b,"{""dynamicOption"": 8, ""n_prompt"": 1024, ""n_gen"": 96}",pp,1024,68.8,0.04,0.05813953488372093,8,1024,96
pn_sweep_step-p64-n32_n32_dyo78,qwen2_5_0_5b,"{""dynamicOption"": 8, ""n_prompt"": 1024, ""n_gen"": 128}",pp,1024,68.72,0.03,0.043655413271245634,8,1024,128
pn_sweep_step-p64-n32_n32_dyo78,qwen2_5_0_5b,"{""dynamicOption"": 7, ""n_prompt"": 128, ""n_gen"": 32}",pp,128,84.94,0.08,0.09418412997409936,7,128,32
pn_sweep_step-p64-n32_n32_dyo78,qwen2_5_0_5b,"{""dynamicOption"": 7, ""n_prompt"": 128, ""n_gen"": 64}",pp,128,85.01,0.11,0.12939654158334313,7,128,64
pn_sweep_step-p64-n32_n32_dyo78,qwen2_5_0_5b,"{""dynamicOption"": 7, ""n_prompt"": 128, ""n_gen"": 96}",pp,128,85.0,0.11,0.12941176470588237,7,128,96
pn_sweep_step-p64-n32_n32_dyo78,qwen2_5_0_5b,"{""dynamicOption"": 7, ""n_prompt"": 128, ""n_gen"": 128}",pp,128,85.04,0.1,0.11759172154280338,7,128,128
pn_sweep_step-p64-n32_n32_dyo78,qwen2_5_0_5b,"{""dynamicOption"": 8, ""n_prompt"": 128, ""n_gen"": 32}",pp,128,85.08,0.1,0.11753643629525154,8,128,32
pn_sweep_step-p64-n32_n32_dyo78,qwen2_5_0_5b,"{""dynamicOption"": 8, ""n_prompt"": 128, ""n_gen"": 64}",pp,128,85.01,0.08,0.09410657569697682,8,128,64
pn_sweep_step-p64-n32_n32_dyo78,qwen2_5_0_5b,"{""dynamicOption"": 8, ""n_prompt"": 128, ""n_gen"": 96}",pp,128,85.01,0.09,0.10586989765909892,8,128,96
pn_sweep_step-p64-n32_n32_dyo78,qwen2_5_0_5b,"{""dynamicOption"": 8, ""n_prompt"": 128, ""n_gen"": 128}",pp,128,85.02,0.11,0.12938132204187253,8,128,128
pn_sweep_step-p64-n32_n32_dyo78,qwen2_5_0_5b,"{""dynamicOption"": 7, ""n_prompt"": 192, ""n_gen"": 32}",pp,192,91.93,0.1,0.10877841836179702,7,192,32
pn_sweep_step-p64-n32_n32_dyo78,qwen2_5_0_5b,"{""dynamicOption"": 7, ""n_prompt"": 192, ""n_gen"": 64}",pp,192,91.92,0.11,0.1196692776327241,7,192,64
pn_sweep_step-p64-n32_n32_dyo78,qwen2_5_0_5b,"{""dynamicOption"": 7, ""n_prompt"": 192, ""n_gen"": 96}",pp,192,91.93,0.11,0.11965626019797672,7,192,96
pn_sweep_step-p64-n32_n32_dyo78,qwen2_5_0_5b,"{""dynamicOption"": 7, ""n_prompt"": 192, ""n_gen"": 128}",pp,192,91.94,0.11,0.11964324559495323,7,192,128
pn_sweep_step-p64-n32_n32_dyo78,qwen2_5_0_5b,"{""dynamicOption"": 8, ""n_prompt"": 192, ""n_gen"": 32}",pp,192,91.94,0.13,0.14139656297585382,8,192,32
pn_sweep_step-p64-n32_n32_dyo78,qwen2_5_0_5b,"{""dynamicOption"": 8, ""n_prompt"": 192, ""n_gen"": 64}",pp,192,91.94,0.12,0.13051990428540353,8,192,64
pn_sweep_step-p64-n32_n32_dyo78,qwen2_5_0_5b,"{""dynamicOption"": 8, ""n_prompt"": 192, ""n_gen"": 96}",pp,192,91.96,0.07,0.07612005219660724,8,192,96
pn_sweep_step-p64-n32_n32_dyo78,qwen2_5_0_5b,"{""dynamicOption"": 8, ""n_prompt"": 192, ""n_gen"": 128}",pp,192,91.86,0.1,0.10886131069018071,8,192,128
pn_sweep_step-p64-n32_n32_dyo78,qwen2_5_0_5b,"{""dynamicOption"": 7, ""n_prompt"": 256, ""n_gen"": 32}",pp,256,83.11,0.08,0.09625797136325352,7,256,32
pn_sweep_step-p64-n32_n32_dyo78,qwen2_5_0_5b,"{""dynamicOption"": 7, ""n_prompt"": 256, ""n_gen"": 64}",pp,256,83.1,0.09,0.10830324909747292,7,256,64
pn_sweep_step-p64-n32_n32_dyo78,qwen2_5_0_5b,"{""dynamicOption"": 7, ""n_prompt"": 256, ""n_gen"": 96}",pp,256,83.12,0.1,0.1203079884504331,7,256,96
pn_sweep_step-p64-n32_n32_dyo78,qwen2_5_0_5b,"{""dynamicOption"": 7, ""n_prompt"": 256, ""n_gen"": 128}",pp,256,83.11,0.08,0.09625797136325352,7,256,128
pn_sweep_step-p64-n32_n32_dyo78,qwen2_5_0_5b,"{""dynamicOption"": 8, ""n_prompt"": 256, ""n_gen"": 32}",pp,256,83.11,0.09,0.10829021778366021,8,256,32
pn_sweep_step-p64-n32_n32_dyo78,qwen2_5_0_5b,"{""dynamicOption"": 8, ""n_prompt"": 256, ""n_gen"": 64}",pp,256,83.11,0.09,0.10829021778366021,8,256,64
pn_sweep_step-p64-n32_n32_dyo78,qwen2_5_0_5b,"{""dynamicOption"": 8, ""n_prompt"": 256, ""n_gen"": 96}",pp,256,83.06,0.09,0.10835540573079701,8,256,96
pn_sweep_step-p64-n32_n32_dyo78,qwen2_5_0_5b,"{""dynamicOption"": 8, ""n_prompt"": 256, ""n_gen"": 128}",pp,256,83.09,0.09,0.10831628354796004,8,256,128
pn_sweep_step-p64-n32_n32_dyo78,qwen2_5_0_5b,"{""dynamicOption"": 7, ""n_prompt"": 320, ""n_gen"": 32}",pp,320,85.98,0.12,0.13956734124214934,7,320,32
pn_sweep_step-p64-n32_n32_dyo78,qwen2_5_0_5b,"{""dynamicOption"": 7, ""n_prompt"": 320, ""n_gen"": 64}",pp,320,85.98,0.1,0.11630611770179111,7,320,64
pn_sweep_step-p64-n32_n32_dyo78,qwen2_5_0_5b,"{""dynamicOption"": 7, ""n_prompt"": 320, ""n_gen"": 96}",pp,320,86.01,0.13,0.1511452156725962,7,320,96
pn_sweep_step-p64-n32_n32_dyo78,qwen2_5_0_5b,"{""dynamicOption"": 7, ""n_prompt"": 320, ""n_gen"": 128}",pp,320,85.99,0.1,0.1162925921618793,7,320,128
pn_sweep_step-p64-n32_n32_dyo78,qwen2_5_0_5b,"{""dynamicOption"": 8, ""n_prompt"": 320, ""n_gen"": 32}",pp,320,85.96,0.13,0.15123313168915775,8,320,32
pn_sweep_step-p64-n32_n32_dyo78,qwen2_5_0_5b,"{""dynamicOption"": 8, ""n_prompt"": 320, ""n_gen"": 64}",pp,320,85.89,0.08,0.0931423914309,8,320,64
pn_sweep_step-p64-n32_n32_dyo78,qwen2_5_0_5b,"{""dynamicOption"": 8, ""n_prompt"": 320, ""n_gen"": 96}",pp,320,85.99,0.11,0.12792185137806722,8,320,96
pn_sweep_step-p64-n32_n32_dyo78,qwen2_5_0_5b,"{""dynamicOption"": 8, ""n_prompt"": 320, ""n_gen"": 128}",pp,320,85.92,0.09,0.10474860335195531,8,320,128
pn_sweep_step-p64-n32_n32_dyo78,qwen2_5_0_5b,"{""dynamicOption"": 7, ""n_prompt"": 384, ""n_gen"": 32}",pp,384,87.47,0.13,0.14862238481765178,7,384,32
pn_sweep_step-p64-n32_n32_dyo78,qwen2_5_0_5b,"{""dynamicOption"": 7, ""n_prompt"": 384, ""n_gen"": 64}",pp,384,87.34,0.15,0.1717426150675521,7,384,64
pn_sweep_step-p64-n32_n32_dyo78,qwen2_5_0_5b,"{""dynamicOption"": 7, ""n_prompt"": 384, ""n_gen"": 96}",pp,384,87.42,0.14,0.1601464195836193,7,384,96
pn_sweep_step-p64-n32_n32_dyo78,qwen2_5_0_5b,"{""dynamicOption"": 7, ""n_prompt"": 384, ""n_gen"": 128}",pp,384,87.41,0.19,0.2173664340464478,7,384,128
pn_sweep_step-p64-n32_n32_dyo78,qwen2_5_0_5b,"{""dynamicOption"": 8, ""n_prompt"": 384, ""n_gen"": 32}",pp,384,87.35,0.09,0.1030337721808815,8,384,32
pn_sweep_step-p64-n32_n32_dyo78,qwen2_5_0_5b,"{""dynamicOption"": 8, ""n_prompt"": 384, ""n_gen"": 64}",pp,384,87.39,0.11,0.125872525460579,8,384,64
pn_sweep_step-p64-n32_n32_dyo78,qwen2_5_0_5b,"{""dynamicOption"": 8, ""n_prompt"": 384, ""n_gen"": 96}",pp,384,87.35,0.17,0.1946193474527762,8,384,96
pn_sweep_step-p64-n32_n32_dyo78,qwen2_5_0_5b,"{""dynamicOption"": 8, ""n_prompt"": 384, ""n_gen"": 128}",pp,384,87.36,0.11,0.1259157509157509,8,384,128
pn_sweep_step-p64-n32_n32_dyo78,qwen2_5_0_5b,"{""dynamicOption"": 7, ""n_prompt"": 448, ""n_gen"": 32}",pp,448,81.36,0.09,0.11061946902654868,7,448,32
pn_sweep_step-p64-n32_n32_dyo78,qwen2_5_0_5b,"{""dynamicOption"": 7, ""n_prompt"": 448, ""n_gen"": 64}",pp,448,81.36,0.09,0.11061946902654868,7,448,64
pn_sweep_step-p64-n32_n32_dyo78,qwen2_5_0_5b,"{""dynamicOption"": 7, ""n_prompt"": 448, ""n_gen"": 96}",pp,448,81.41,0.09,0.11055152929615526,7,448,96
pn_sweep_step-p64-n32_n32_dyo78,qwen2_5_0_5b,"{""dynamicOption"": 7, ""n_prompt"": 448, ""n_gen"": 128}",pp,448,81.39,0.08,0.09829217348568621,7,448,128
pn_sweep_step-p64-n32_n32_dyo78,qwen2_5_0_5b,"{""dynamicOption"": 8, ""n_prompt"": 448, ""n_gen"": 32}",pp,448,81.39,0.07,0.08600565179997544,8,448,32
pn_sweep_step-p64-n32_n32_dyo78,qwen2_5_0_5b,"{""dynamicOption"": 8, ""n_prompt"": 448, ""n_gen"": 64}",pp,448,81.42,0.08,0.09825595676737901,8,448,64
pn_sweep_step-p64-n32_n32_dyo78,qwen2_5_0_5b,"{""dynamicOption"": 8, ""n_prompt"": 448, ""n_gen"": 96}",pp,448,81.4,0.07,0.085995085995086,8,448,96
pn_sweep_step-p64-n32_n32_dyo78,qwen2_5_0_5b,"{""dynamicOption"": 8, ""n_prompt"": 448, ""n_gen"": 128}",pp,448,81.37,0.1,0.12289541600098315,8,448,128
pn_sweep_step-p64-n32_n32_dyo78,qwen2_5_0_5b,"{""dynamicOption"": 7, ""n_prompt"": 512, ""n_gen"": 32}",pp,512,81.71,0.04,0.04895361644841513,7,512,32
pn_sweep_step-p64-n32_n32_dyo78,qwen2_5_0_5b,"{""dynamicOption"": 7, ""n_prompt"": 512, ""n_gen"": 64}",pp,512,81.9,0.06,0.07326007326007325,7,512,64
pn_sweep_step-p64-n32_n32_dyo78,qwen2_5_0_5b,"{""dynamicOption"": 7, ""n_prompt"": 512, ""n_gen"": 96}",pp,512,81.99,0.06,0.07317965605561655,7,512,96
pn_sweep_step-p64-n32_n32_dyo78,qwen2_5_0_5b,"{""dynamicOption"": 7, ""n_prompt"": 512, ""n_gen"": 128}",pp,512,81.92,0.1,0.1220703125,7,512,128
pn_sweep_step-p64-n32_n32_dyo78,qwen2_5_0_5b,"{""dynamicOption"": 8, ""n_prompt"": 512, ""n_gen"": 32}",pp,512,81.98,0.07,0.08538667967797024,8,512,32
pn_sweep_step-p64-n32_n32_dyo78,qwen2_5_0_5b,"{""dynamicOption"": 8, ""n_prompt"": 512, ""n_gen"": 64}",pp,512,81.93,0.07,0.08543878921030149,8,512,64
pn_sweep_step-p64-n32_n32_dyo78,qwen2_5_0_5b,"{""dynamicOption"": 8, ""n_prompt"": 512, ""n_gen"": 96}",pp,512,81.96,0.03,0.036603221083455345,8,512,96
pn_sweep_step-p64-n32_n32_dyo78,qwen2_5_0_5b,"{""dynamicOption"": 8, ""n_prompt"": 512, ""n_gen"": 128}",pp,512,81.91,0.04,0.04883408619216213,8,512,128
pn_sweep_step-p64-n32_n32_dyo78,qwen2_5_0_5b,"{""dynamicOption"": 7, ""n_prompt"": 576, ""n_gen"": 32}",pp,576,82.26,0.1,0.12156576707999028,7,576,32
pn_sweep_step-p64-n32_n32_dyo78,qwen2_5_0_5b,"{""dynamicOption"": 7, ""n_prompt"": 576, ""n_gen"": 64}",pp,576,82.29,0.1,0.12152144853566654,7,576,64
pn_sweep_step-p64-n32_n32_dyo78,qwen2_5_0_5b,"{""dynamicOption"": 7, ""n_prompt"": 576, ""n_gen"": 96}",pp,576,82.29,0.1,0.12152144853566654,7,576,96
pn_sweep_step-p64-n32_n32_dyo78,qwen2_5_0_5b,"{""dynamicOption"": 7, ""n_prompt"": 576, ""n_gen"": 128}",pp,576,82.16,0.07,0.08519961051606623,7,576,128
pn_sweep_step-p64-n32_n32_dyo78,qwen2_5_0_5b,"{""dynamicOption"": 8, ""n_prompt"": 576, ""n_gen"": 32}",pp,576,82.34,0.08,0.09715812484819043,8,576,32
pn_sweep_step-p64-n32_n32_dyo78,qwen2_5_0_5b,"{""dynamicOption"": 8, ""n_prompt"": 576, ""n_gen"": 64}",pp,576,82.27,0.09,0.10939589157651634,8,576,64
pn_sweep_step-p64-n32_n32_dyo78,qwen2_5_0_5b,"{""dynamicOption"": 8, ""n_prompt"": 576, ""n_gen"": 96}",pp,576,82.28,0.08,0.09722897423432182,8,576,96
pn_sweep_step-p64-n32_n32_dyo78,qwen2_5_0_5b,"{""dynamicOption"": 8, ""n_prompt"": 576, ""n_gen"": 128}",pp,576,82.28,0.09,0.10938259601361204,8,576,128
pn_sweep_step-p64-n32_n32_dyo78,qwen2_5_0_5b,"{""dynamicOption"": 7, ""n_prompt"": 64, ""n_gen"": 32}",pp,64,66.74,0.02,0.029967036260113877,7,64,32
pn_sweep_step-p64-n32_n32_dyo78,qwen2_5_0_5b,"{""dynamicOption"": 7, ""n_prompt"": 64, ""n_gen"": 64}",pp,64,66.74,0.04,0.059934072520227755,7,64,64
pn_sweep_step-p64-n32_n32_dyo78,qwen2_5_0_5b,"{""dynamicOption"": 7, ""n_prompt"": 64, ""n_gen"": 96}",pp,64,66.74,0.05,0.0749175906502847,7,64,96
pn_sweep_step-p64-n32_n32_dyo78,qwen2_5_0_5b,"{""dynamicOption"": 7, ""n_prompt"": 64, ""n_gen"": 128}",pp,64,66.7,0.04,0.05997001499250374,7,64,128
pn_sweep_step-p64-n32_n32_dyo78,qwen2_5_0_5b,"{""dynamicOption"": 8, ""n_prompt"": 64, ""n_gen"": 32}",pp,64,66.72,0.03,0.044964028776978415,8,64,32
pn_sweep_step-p64-n32_n32_dyo78,qwen2_5_0_5b,"{""dynamicOption"": 8, ""n_prompt"": 64, ""n_gen"": 64}",pp,64,66.68,0.06,0.08998200359928013,8,64,64
pn_sweep_step-p64-n32_n32_dyo78,qwen2_5_0_5b,"{""dynamicOption"": 8, ""n_prompt"": 64, ""n_gen"": 96}",pp,64,66.69,0.06,0.0899685110211426,8,64,96
pn_sweep_step-p64-n32_n32_dyo78,qwen2_5_0_5b,"{""dynamicOption"": 8, ""n_prompt"": 64, ""n_gen"": 128}",pp,64,66.71,0.04,0.05996102533353321,8,64,128
pn_sweep_step-p64-n32_n32_dyo78,qwen2_5_0_5b,"{""dynamicOption"": 7, ""n_prompt"": 640, ""n_gen"": 32}",pp,640,77.84,0.08,0.10277492291880781,7,640,32
pn_sweep_step-p64-n32_n32_dyo78,qwen2_5_0_5b,"{""dynamicOption"": 7, ""n_prompt"": 640, ""n_gen"": 64}",pp,640,77.81,0.1,0.12851818532322323,7,640,64
pn_sweep_step-p64-n32_n32_dyo78,qwen2_5_0_5b,"{""dynamicOption"": 7, ""n_prompt"": 640, ""n_gen"": 96}",pp,640,77.85,0.12,0.15414258188824664,7,640,96
pn_sweep_step-p64-n32_n32_dyo78,qwen2_5_0_5b,"{""dynamicOption"": 7, ""n_prompt"": 640, ""n_gen"": 128}",pp,640,77.86,0.08,0.10274852298998202,7,640,128
pn_sweep_step-p64-n32_n32_dyo78,qwen2_5_0_5b,"{""dynamicOption"": 8, ""n_prompt"": 640, ""n_gen"": 32}",pp,640,77.9,0.09,0.11553273427471115,8,640,32
pn_sweep_step-p64-n32_n32_dyo78,qwen2_5_0_5b,"{""dynamicOption"": 8, ""n_prompt"": 640, ""n_gen"": 64}",pp,640,77.82,0.09,0.1156515034695451,8,640,64
pn_sweep_step-p64-n32_n32_dyo78,qwen2_5_0_5b,"{""dynamicOption"": 8, ""n_prompt"": 640, ""n_gen"": 96}",pp,640,77.86,0.06,0.07706139224248651,8,640,96
pn_sweep_step-p64-n32_n32_dyo78,qwen2_5_0_5b,"{""dynamicOption"": 8, ""n_prompt"": 640, ""n_gen"": 128}",pp,640,77.77,0.06,0.07715057220007715,8,640,128
pn_sweep_step-p64-n32_n32_dyo78,qwen2_5_0_5b,"{""dynamicOption"": 7, ""n_prompt"": 704, ""n_gen"": 32}",pp,704,76.92,0.09,0.11700468018720747,7,704,32
pn_sweep_step-p64-n32_n32_dyo78,qwen2_5_0_5b,"{""dynamicOption"": 7, ""n_prompt"": 704, ""n_gen"": 64}",pp,704,77.03,0.08,0.10385564065948333,7,704,64
pn_sweep_step-p64-n32_n32_dyo78,qwen2_5_0_5b,"{""dynamicOption"": 7, ""n_prompt"": 704, ""n_gen"": 96}",pp,704,76.88,0.07,0.09105098855359002,7,704,96
pn_sweep_step-p64-n32_n32_dyo78,qwen2_5_0_5b,"{""dynamicOption"": 7, ""n_prompt"": 704, ""n_gen"": 128}",pp,704,76.9,0.06,0.07802340702210663,7,704,128
pn_sweep_step-p64-n32_n32_dyo78,qwen2_5_0_5b,"{""dynamicOption"": 8, ""n_prompt"": 704, ""n_gen"": 32}",pp,704,76.9,0.03,0.03901170351105331,8,704,32
pn_sweep_step-p64-n32_n32_dyo78,qwen2_5_0_5b,"{""dynamicOption"": 8, ""n_prompt"": 704, ""n_gen"": 64}",pp,704,76.85,0.07,0.09108653220559533,8,704,64
pn_sweep_step-p64-n32_n32_dyo78,qwen2_5_0_5b,"{""dynamicOption"": 8, ""n_prompt"": 704, ""n_gen"": 96}",pp,704,76.96,0.08,0.10395010395010396,8,704,96
pn_sweep_step-p64-n32_n32_dyo78,qwen2_5_0_5b,"{""dynamicOption"": 8, ""n_prompt"": 704, ""n_gen"": 128}",pp,704,76.9,0.08,0.10403120936280884,8,704,128
pn_sweep_step-p64-n32_n32_dyo78,qwen2_5_0_5b,"{""dynamicOption"": 7, ""n_prompt"": 768, ""n_gen"": 32}",pp,768,76.28,0.15,0.19664394336654428,7,768,32
pn_sweep_step-p64-n32_n32_dyo78,qwen2_5_0_5b,"{""dynamicOption"": 7, ""n_prompt"": 768, ""n_gen"": 64}",pp,768,76.29,0.15,0.19661816751867872,7,768,64
pn_sweep_step-p64-n32_n32_dyo78,qwen2_5_0_5b,"{""dynamicOption"": 7, ""n_prompt"": 768, ""n_gen"": 96}",pp,768,76.36,0.09,0.11786275536930331,7,768,96
pn_sweep_step-p64-n32_n32_dyo78,qwen2_5_0_5b,"{""dynamicOption"": 7, ""n_prompt"": 768, ""n_gen"": 128}",pp,768,76.34,0.09,0.11789363374377783,7,768,128
pn_sweep_step-p64-n32_n32_dyo78,qwen2_5_0_5b,"{""dynamicOption"": 8, ""n_prompt"": 768, ""n_gen"": 32}",pp,768,76.37,0.11,0.1440356160796124,8,768,32
pn_sweep_step-p64-n32_n32_dyo78,qwen2_5_0_5b,"{""dynamicOption"": 8, ""n_prompt"": 768, ""n_gen"": 64}",pp,768,76.31,0.17,0.22277552090158564,8,768,64
pn_sweep_step-p64-n32_n32_dyo78,qwen2_5_0_5b,"{""dynamicOption"": 8, ""n_prompt"": 768, ""n_gen"": 96}",pp,768,76.4,0.11,0.14397905759162302,8,768,96
pn_sweep_step-p64-n32_n32_dyo78,qwen2_5_0_5b,"{""dynamicOption"": 8, ""n_prompt"": 768, ""n_gen"": 128}",pp,768,76.28,0.09,0.11798636601992658,8,768,128
pn_sweep_step-p64-n32_n32_dyo78,qwen2_5_0_5b,"{""dynamicOption"": 7, ""n_prompt"": 832, ""n_gen"": 32}",pp,832,73.05,0.07,0.09582477754962355,7,832,32
pn_sweep_step-p64-n32_n32_dyo78,qwen2_5_0_5b,"{""dynamicOption"": 7, ""n_prompt"": 832, ""n_gen"": 64}",pp,832,73.26,0.09,0.12285012285012285,7,832,64
pn_sweep_step-p64-n32_n32_dyo78,qwen2_5_0_5b,"{""dynamicOption"": 7, ""n_prompt"": 832, ""n_gen"": 96}",pp,832,73.14,0.07,0.09570686354935741,7,832,96
pn_sweep_step-p64-n32_n32_dyo78,qwen2_5_0_5b,"{""dynamicOption"": 7, ""n_prompt"": 832, ""n_gen"": 128}",pp,832,73.1,0.07,0.09575923392612862,7,832,128
pn_sweep_step-p64-n32_n32_dyo78,qwen2_5_0_5b,"{""dynamicOption"": 8, ""n_prompt"": 832, ""n_gen"": 32}",pp,832,73.15,0.1,0.13670539986329458,8,832,32
pn_sweep_step-p64-n32_n32_dyo78,qwen2_5_0_5b,"{""dynamicOption"": 8, ""n_prompt"": 832, ""n_gen"": 64}",pp,832,73.11,0.07,0.09574613595951308,8,832,64
pn_sweep_step-p64-n32_n32_dyo78,qwen2_5_0_5b,"{""dynamicOption"": 8, ""n_prompt"": 832, ""n_gen"": 96}",pp,832,73.07,0.06,0.08211304228821678,8,832,96
pn_sweep_step-p64-n32_n32_dyo78,qwen2_5_0_5b,"{""dynamicOption"": 8, ""n_prompt"": 832, ""n_gen"": 128}",pp,832,73.13,0.08,0.1093942294543963,8,832,128
pn_sweep_step-p64-n32_n32_dyo78,qwen2_5_0_5b,"{""dynamicOption"": 7, ""n_prompt"": 896, ""n_gen"": 32}",pp,896,72.7,0.07,0.09628610729023385,7,896,32
pn_sweep_step-p64-n32_n32_dyo78,qwen2_5_0_5b,"{""dynamicOption"": 7, ""n_prompt"": 896, ""n_gen"": 64}",pp,896,72.53,0.1,0.13787398317937405,7,896,64
pn_sweep_step-p64-n32_n32_dyo78,qwen2_5_0_5b,"{""dynamicOption"": 7, ""n_prompt"": 896, ""n_gen"": 96}",pp,896,72.54,0.08,0.11028398125172319,7,896,96
pn_sweep_step-p64-n32_n32_dyo78,qwen2_5_0_5b,"{""dynamicOption"": 7, ""n_prompt"": 896, ""n_gen"": 128}",pp,896,72.52,0.07,0.09652509652509654,7,896,128
pn_sweep_step-p64-n32_n32_dyo78,qwen2_5_0_5b,"{""dynamicOption"": 8, ""n_prompt"": 896, ""n_gen"": 32}",pp,896,72.64,0.11,0.15143171806167402,8,896,32
pn_sweep_step-p64-n32_n32_dyo78,qwen2_5_0_5b,"{""dynamicOption"": 8, ""n_prompt"": 896, ""n_gen"": 64}",pp,896,72.55,0.05,0.06891798759476224,8,896,64
pn_sweep_step-p64-n32_n32_dyo78,qwen2_5_0_5b,"{""dynamicOption"": 8, ""n_prompt"": 896, ""n_gen"": 96}",pp,896,72.63,0.09,0.12391573729863693,8,896,96
pn_sweep_step-p64-n32_n32_dyo78,qwen2_5_0_5b,"{""dynamicOption"": 8, ""n_prompt"": 896, ""n_gen"": 128}",pp,896,72.63,0.05,0.06884207627702052,8,896,128
pn_sweep_step-p64-n32_n32_dyo78,qwen2_5_0_5b,"{""dynamicOption"": 7, ""n_prompt"": 960, ""n_gen"": 32}",pp,960,71.82,0.03,0.041771094402673355,7,960,32
pn_sweep_step-p64-n32_n32_dyo78,qwen2_5_0_5b,"{""dynamicOption"": 7, ""n_prompt"": 960, ""n_gen"": 64}",pp,960,71.75,0.04,0.05574912891986063,7,960,64
pn_sweep_step-p64-n32_n32_dyo78,qwen2_5_0_5b,"{""dynamicOption"": 7, ""n_prompt"": 960, ""n_gen"": 96}",pp,960,71.76,0.03,0.041806020066889625,7,960,96
pn_sweep_step-p64-n32_n32_dyo78,qwen2_5_0_5b,"{""dynamicOption"": 7, ""n_prompt"": 960, ""n_gen"": 128}",pp,960,71.68,0.07,0.09765625,7,960,128
pn_sweep_step-p64-n32_n32_dyo78,qwen2_5_0_5b,"{""dynamicOption"": 8, ""n_prompt"": 960, ""n_gen"": 32}",pp,960,71.77,0.05,0.06966699177929497,8,960,32
pn_sweep_step-p64-n32_n32_dyo78,qwen2_5_0_5b,"{""dynamicOption"": 8, ""n_prompt"": 960, ""n_gen"": 64}",pp,960,71.79,0.09,0.12536564981195153,8,960,64
pn_sweep_step-p64-n32_n32_dyo78,qwen2_5_0_5b,"{""dynamicOption"": 8, ""n_prompt"": 960, ""n_gen"": 96}",pp,960,71.82,0.03,0.041771094402673355,8,960,96
pn_sweep_step-p64-n32_n32_dyo78,qwen2_5_0_5b,"{""dynamicOption"": 8, ""n_prompt"": 960, ""n_gen"": 128}",pp,960,71.76,0.03,0.041806020066889625,8,960,128
pn_sweep_step-p64-n32_n32_dyo78,qwen2_5_0_5b,"{""dynamicOption"": 7, ""n_prompt"": 64, ""n_gen"": 128}",tg,128,27.73,0.17,0.6130544536602958,7,64,128
pn_sweep_step-p64-n32_n32_dyo78,qwen2_5_0_5b,"{""dynamicOption"": 7, ""n_prompt"": 128, ""n_gen"": 128}",tg,128,28.05,0.02,0.07130124777183601,7,128,128
pn_sweep_step-p64-n32_n32_dyo78,qwen2_5_0_5b,"{""dynamicOption"": 7, ""n_prompt"": 192, ""n_gen"": 128}",tg,128,27.77,0.04,0.14404033129276198,7,192,128
pn_sweep_step-p64-n32_n32_dyo78,qwen2_5_0_5b,"{""dynamicOption"": 7, ""n_prompt"": 256, ""n_gen"": 128}",tg,128,27.88,0.03,0.10760401721664276,7,256,128
pn_sweep_step-p64-n32_n32_dyo78,qwen2_5_0_5b,"{""dynamicOption"": 7, ""n_prompt"": 320, ""n_gen"": 128}",tg,128,27.87,0.03,0.1076426264800861,7,320,128
pn_sweep_step-p64-n32_n32_dyo78,qwen2_5_0_5b,"{""dynamicOption"": 7, ""n_prompt"": 384, ""n_gen"": 128}",tg,128,27.92,0.01,0.03581661891117478,7,384,128
pn_sweep_step-p64-n32_n32_dyo78,qwen2_5_0_5b,"{""dynamicOption"": 7, ""n_prompt"": 448, ""n_gen"": 128}",tg,128,27.74,0.02,0.07209805335255949,7,448,128
pn_sweep_step-p64-n32_n32_dyo78,qwen2_5_0_5b,"{""dynamicOption"": 7, ""n_prompt"": 512, ""n_gen"": 128}",tg,128,27.85,0.02,0.07181328545780968,7,512,128
pn_sweep_step-p64-n32_n32_dyo78,qwen2_5_0_5b,"{""dynamicOption"": 7, ""n_prompt"": 576, ""n_gen"": 128}",tg,128,27.84,0.02,0.07183908045977011,7,576,128
pn_sweep_step-p64-n32_n32_dyo78,qwen2_5_0_5b,"{""dynamicOption"": 7, ""n_prompt"": 640, ""n_gen"": 128}",tg,128,27.82,0.01,0.03594536304816679,7,640,128
pn_sweep_step-p64-n32_n32_dyo78,qwen2_5_0_5b,"{""dynamicOption"": 7, ""n_prompt"": 704, ""n_gen"": 128}",tg,128,27.79,0.01,0.035984166966534725,7,704,128
pn_sweep_step-p64-n32_n32_dyo78,qwen2_5_0_5b,"{""dynamicOption"": 7, ""n_prompt"": 768, ""n_gen"": 128}",tg,128,27.96,0.03,0.1072961373390558,7,768,128
pn_sweep_step-p64-n32_n32_dyo78,qwen2_5_0_5b,"{""dynamicOption"": 7, ""n_prompt"": 832, ""n_gen"": 128}",tg,128,27.91,0.02,0.07165890361877464,7,832,128
pn_sweep_step-p64-n32_n32_dyo78,qwen2_5_0_5b,"{""dynamicOption"": 7, ""n_prompt"": 896, ""n_gen"": 128}",tg,128,27.82,0.03,0.10783608914450035,7,896,128
pn_sweep_step-p64-n32_n32_dyo78,qwen2_5_0_5b,"{""dynamicOption"": 7, ""n_prompt"": 960, ""n_gen"": 128}",tg,128,27.85,0.04,0.14362657091561937,7,960,128
pn_sweep_step-p64-n32_n32_dyo78,qwen2_5_0_5b,"{""dynamicOption"": 7, ""n_prompt"": 1024, ""n_gen"": 128}",tg,128,27.85,0.03,0.10771992818671454,7,1024,128
pn_sweep_step-p64-n32_n32_dyo78,qwen2_5_0_5b,"{""dynamicOption"": 8, ""n_prompt"": 64, ""n_gen"": 128}",tg,128,27.85,0.02,0.07181328545780968,8,64,128
pn_sweep_step-p64-n32_n32_dyo78,qwen2_5_0_5b,"{""dynamicOption"": 8, ""n_prompt"": 128, ""n_gen"": 128}",tg,128,27.82,0.04,0.14378145219266716,8,128,128
pn_sweep_step-p64-n32_n32_dyo78,qwen2_5_0_5b,"{""dynamicOption"": 8, ""n_prompt"": 192, ""n_gen"": 128}",tg,128,27.67,0.02,0.07228044813877846,8,192,128
pn_sweep_step-p64-n32_n32_dyo78,qwen2_5_0_5b,"{""dynamicOption"": 8, ""n_prompt"": 256, ""n_gen"": 128}",tg,128,27.89,0.03,0.10756543564001435,8,256,128
pn_sweep_step-p64-n32_n32_dyo78,qwen2_5_0_5b,"{""dynamicOption"": 8, ""n_prompt"": 320, ""n_gen"": 128}",tg,128,27.68,0.03,0.1083815028901734,8,320,128
pn_sweep_step-p64-n32_n32_dyo78,qwen2_5_0_5b,"{""dynamicOption"": 8, ""n_prompt"": 384, ""n_gen"": 128}",tg,128,27.71,0.03,0.10826416456153012,8,384,128
pn_sweep_step-p64-n32_n32_dyo78,qwen2_5_0_5b,"{""dynamicOption"": 8, ""n_prompt"": 448, ""n_gen"": 128}",tg,128,27.86,0.02,0.07178750897343862,8,448,128
pn_sweep_step-p64-n32_n32_dyo78,qwen2_5_0_5b,"{""dynamicOption"": 8, ""n_prompt"": 512, ""n_gen"": 128}",tg,128,27.8,0.02,0.07194244604316546,8,512,128
pn_sweep_step-p64-n32_n32_dyo78,qwen2_5_0_5b,"{""dynamicOption"": 8, ""n_prompt"": 576, ""n_gen"": 128}",tg,128,27.86,0.01,0.03589375448671931,8,576,128
pn_sweep_step-p64-n32_n32_dyo78,qwen2_5_0_5b,"{""dynamicOption"": 8, ""n_prompt"": 640, ""n_gen"": 128}",tg,128,27.78,0.02,0.07199424046076314,8,640,128
pn_sweep_step-p64-n32_n32_dyo78,qwen2_5_0_5b,"{""dynamicOption"": 8, ""n_prompt"": 704, ""n_gen"": 128}",tg,128,27.84,0.02,0.07183908045977011,8,704,128
pn_sweep_step-p64-n32_n32_dyo78,qwen2_5_0_5b,"{""dynamicOption"": 8, ""n_prompt"": 768, ""n_gen"": 128}",tg,128,27.75,0.03,0.10810810810810811,8,768,128
pn_sweep_step-p64-n32_n32_dyo78,qwen2_5_0_5b,"{""dynamicOption"": 8, ""n_prompt"": 832, ""n_gen"": 128}",tg,128,27.52,0.28,1.0174418604651163,8,832,128
pn_sweep_step-p64-n32_n32_dyo78,qwen2_5_0_5b,"{""dynamicOption"": 8, ""n_prompt"": 896, ""n_gen"": 128}",tg,128,27.68,0.03,0.1083815028901734,8,896,128
pn_sweep_step-p64-n32_n32_dyo78,qwen2_5_0_5b,"{""dynamicOption"": 8, ""n_prompt"": 960, ""n_gen"": 128}",tg,128,27.8,0.01,0.03597122302158273,8,960,128
pn_sweep_step-p64-n32_n32_dyo78,qwen2_5_0_5b,"{""dynamicOption"": 8, ""n_prompt"": 1024, ""n_gen"": 128}",tg,128,27.78,0.01,0.03599712023038157,8,1024,128
pn_sweep_step-p64-n32_n32_dyo78,qwen2_5_0_5b,"{""dynamicOption"": 7, ""n_prompt"": 64, ""n_gen"": 32}",tg,32,28.41,0.03,0.10559662090813093,7,64,32
pn_sweep_step-p64-n32_n32_dyo78,qwen2_5_0_5b,"{""dynamicOption"": 7, ""n_prompt"": 128, ""n_gen"": 32}",tg,32,28.31,0.05,0.17661603673613566,7,128,32
pn_sweep_step-p64-n32_n32_dyo78,qwen2_5_0_5b,"{""dynamicOption"": 7, ""n_prompt"": 192, ""n_gen"": 32}",tg,32,28.44,0.01,0.035161744022503515,7,192,32
pn_sweep_step-p64-n32_n32_dyo78,qwen2_5_0_5b,"{""dynamicOption"": 7, ""n_prompt"": 256, ""n_gen"": 32}",tg,32,28.19,0.04,0.1418942887548776,7,256,32
pn_sweep_step-p64-n32_n32_dyo78,qwen2_5_0_5b,"{""dynamicOption"": 7, ""n_prompt"": 320, ""n_gen"": 32}",tg,32,28.31,0.09,0.31790886612504415,7,320,32
pn_sweep_step-p64-n32_n32_dyo78,qwen2_5_0_5b,"{""dynamicOption"": 7, ""n_prompt"": 384, ""n_gen"": 32}",tg,32,28.35,0.01,0.03527336860670194,7,384,32
pn_sweep_step-p64-n32_n32_dyo78,qwen2_5_0_5b,"{""dynamicOption"": 7, ""n_prompt"": 448, ""n_gen"": 32}",tg,32,27.74,0.27,0.9733237202595532,7,448,32
pn_sweep_step-p64-n32_n32_dyo78,qwen2_5_0_5b,"{""dynamicOption"": 7, ""n_prompt"": 512, ""n_gen"": 32}",tg,32,28.33,0.02,0.07059654076950231,7,512,32
pn_sweep_step-p64-n32_n32_dyo78,qwen2_5_0_5b,"{""dynamicOption"": 7, ""n_prompt"": 576, ""n_gen"": 32}",tg,32,28.29,0.03,0.10604453870625662,7,576,32
pn_sweep_step-p64-n32_n32_dyo78,qwen2_5_0_5b,"{""dynamicOption"": 7, ""n_prompt"": 640, ""n_gen"": 32}",tg,32,28.37,0.01,0.035248501938667604,7,640,32
pn_sweep_step-p64-n32_n32_dyo78,qwen2_5_0_5b,"{""dynamicOption"": 7, ""n_prompt"": 704, ""n_gen"": 32}",tg,32,28.27,0.03,0.10611956137247965,7,704,32
pn_sweep_step-p64-n32_n32_dyo78,qwen2_5_0_5b,"{""dynamicOption"": 7, ""n_prompt"": 768, ""n_gen"": 32}",tg,32,28.32,0.08,0.2824858757062147,7,768,32
pn_sweep_step-p64-n32_n32_dyo78,qwen2_5_0_5b,"{""dynamicOption"": 7, ""n_prompt"": 832, ""n_gen"": 32}",tg,32,28.39,0.01,0.03522367030644593,7,832,32
pn_sweep_step-p64-n32_n32_dyo78,qwen2_5_0_5b,"{""dynamicOption"": 7, ""n_prompt"": 896, ""n_gen"": 32}",tg,32,28.3,0.02,0.0706713780918728,7,896,32
pn_sweep_step-p64-n32_n32_dyo78,qwen2_5_0_5b,"{""dynamicOption"": 7, ""n_prompt"": 960, ""n_gen"": 32}",tg,32,28.28,0.03,0.10608203677510608,7,960,32
pn_sweep_step-p64-n32_n32_dyo78,qwen2_5_0_5b,"{""dynamicOption"": 7, ""n_prompt"": 1024, ""n_gen"": 32}",tg,32,28.41,0.01,0.03519887363604365,7,1024,32
pn_sweep_step-p64-n32_n32_dyo78,qwen2_5_0_5b,"{""dynamicOption"": 8, ""n_prompt"": 64, ""n_gen"": 32}",tg,32,28.27,0.02,0.07074637424831977,8,64,32
pn_sweep_step-p64-n32_n32_dyo78,qwen2_5_0_5b,"{""dynamicOption"": 8, ""n_prompt"": 128, ""n_gen"": 32}",tg,32,28.34,0.1,0.35285815102328866,8,128,32
pn_sweep_step-p64-n32_n32_dyo78,qwen2_5_0_5b,"{""dynamicOption"": 8, ""n_prompt"": 192, ""n_gen"": 32}",tg,32,28.35,0.08,0.2821869488536155,8,192,32
pn_sweep_step-p64-n32_n32_dyo78,qwen2_5_0_5b,"{""dynamicOption"": 8, ""n_prompt"": 256, ""n_gen"": 32}",tg,32,28.41,0.04,0.1407954945441746,8,256,32
pn_sweep_step-p64-n32_n32_dyo78,qwen2_5_0_5b,"{""dynamicOption"": 8, ""n_prompt"": 320, ""n_gen"": 32}",tg,32,28.34,0.03,0.1058574453069866,8,320,32
pn_sweep_step-p64-n32_n32_dyo78,qwen2_5_0_5b,"{""dynamicOption"": 8, ""n_prompt"": 384, ""n_gen"": 32}",tg,32,28.11,0.04,0.14229811454998223,8,384,32
pn_sweep_step-p64-n32_n32_dyo78,qwen2_5_0_5b,"{""dynamicOption"": 8, ""n_prompt"": 448, ""n_gen"": 32}",tg,32,28.25,0.05,0.1769911504424779,8,448,32
pn_sweep_step-p64-n32_n32_dyo78,qwen2_5_0_5b,"{""dynamicOption"": 8, ""n_prompt"": 512, ""n_gen"": 32}",tg,32,28.34,0.02,0.07057163020465773,8,512,32
pn_sweep_step-p64-n32_n32_dyo78,qwen2_5_0_5b,"{""dynamicOption"": 8, ""n_prompt"": 576, ""n_gen"": 32}",tg,32,28.24,0.02,0.0708215297450425,8,576,32
pn_sweep_step-p64-n32_n32_dyo78,qwen2_5_0_5b,"{""dynamicOption"": 8, ""n_prompt"": 640, ""n_gen"": 32}",tg,32,28.33,0.03,0.10589481115425345,8,640,32
pn_sweep_step-p64-n32_n32_dyo78,qwen2_5_0_5b,"{""dynamicOption"": 8, ""n_prompt"": 704, ""n_gen"": 32}",tg,32,28.3,0.03,0.10600706713780918,8,704,32
pn_sweep_step-p64-n32_n32_dyo78,qwen2_5_0_5b,"{""dynamicOption"": 8, ""n_prompt"": 768, ""n_gen"": 32}",tg,32,28.03,0.02,0.07135212272565108,8,768,32
pn_sweep_step-p64-n32_n32_dyo78,qwen2_5_0_5b,"{""dynamicOption"": 8, ""n_prompt"": 832, ""n_gen"": 32}",tg,32,28.28,0.04,0.14144271570014144,8,832,32
pn_sweep_step-p64-n32_n32_dyo78,qwen2_5_0_5b,"{""dynamicOption"": 8, ""n_prompt"": 896, ""n_gen"": 32}",tg,32,28.11,0.06,0.21344717182497333,8,896,32
pn_sweep_step-p64-n32_n32_dyo78,qwen2_5_0_5b,"{""dynamicOption"": 8, ""n_prompt"": 960, ""n_gen"": 32}",tg,32,28.22,0.04,0.14174344436569808,8,960,32
pn_sweep_step-p64-n32_n32_dyo78,qwen2_5_0_5b,"{""dynamicOption"": 8, ""n_prompt"": 1024, ""n_gen"": 32}",tg,32,28.09,0.11,0.3915984336062656,8,1024,32
pn_sweep_step-p64-n32_n32_dyo78,qwen2_5_0_5b,"{""dynamicOption"": 7, ""n_prompt"": 64, ""n_gen"": 64}",tg,64,28.27,0.01,0.035373187124159884,7,64,64
pn_sweep_step-p64-n32_n32_dyo78,qwen2_5_0_5b,"{""dynamicOption"": 7, ""n_prompt"": 128, ""n_gen"": 64}",tg,64,28.42,0.04,0.14074595355383532,7,128,64
pn_sweep_step-p64-n32_n32_dyo78,qwen2_5_0_5b,"{""dynamicOption"": 7, ""n_prompt"": 192, ""n_gen"": 64}",tg,64,28.44,0.01,0.035161744022503515,7,192,64
pn_sweep_step-p64-n32_n32_dyo78,qwen2_5_0_5b,"{""dynamicOption"": 7, ""n_prompt"": 256, ""n_gen"": 64}",tg,64,28.39,0.05,0.17611835153222968,7,256,64
pn_sweep_step-p64-n32_n32_dyo78,qwen2_5_0_5b,"{""dynamicOption"": 7, ""n_prompt"": 320, ""n_gen"": 64}",tg,64,28.12,0.01,0.03556187766714083,7,320,64
pn_sweep_step-p64-n32_n32_dyo78,qwen2_5_0_5b,"{""dynamicOption"": 7, ""n_prompt"": 384, ""n_gen"": 64}",tg,64,28.24,0.03,0.10623229461756376,7,384,64
pn_sweep_step-p64-n32_n32_dyo78,qwen2_5_0_5b,"{""dynamicOption"": 7, ""n_prompt"": 448, ""n_gen"": 64}",tg,64,28.23,0.03,0.10626992561105207,7,448,64
pn_sweep_step-p64-n32_n32_dyo78,qwen2_5_0_5b,"{""dynamicOption"": 7, ""n_prompt"": 512, ""n_gen"": 64}",tg,64,28.27,0.03,0.10611956137247965,7,512,64
pn_sweep_step-p64-n32_n32_dyo78,qwen2_5_0_5b,"{""dynamicOption"": 7, ""n_prompt"": 576, ""n_gen"": 64}",tg,64,28.09,0.1,0.355998576005696,7,576,64
pn_sweep_step-p64-n32_n32_dyo78,qwen2_5_0_5b,"{""dynamicOption"": 7, ""n_prompt"": 640, ""n_gen"": 64}",tg,64,28.1,0.04,0.14234875444839856,7,640,64
pn_sweep_step-p64-n32_n32_dyo78,qwen2_5_0_5b,"{""dynamicOption"": 7, ""n_prompt"": 704, ""n_gen"": 64}",tg,64,28.25,0.03,0.10619469026548671,7,704,64
pn_sweep_step-p64-n32_n32_dyo78,qwen2_5_0_5b,"{""dynamicOption"": 7, ""n_prompt"": 768, ""n_gen"": 64}",tg,64,28.15,0.19,0.674955595026643,7,768,64
pn_sweep_step-p64-n32_n32_dyo78,qwen2_5_0_5b,"{""dynamicOption"": 7, ""n_prompt"": 832, ""n_gen"": 64}",tg,64,28.19,0.12,0.4256828662646328,7,832,64
pn_sweep_step-p64-n32_n32_dyo78,qwen2_5_0_5b,"{""dynamicOption"": 7, ""n_prompt"": 896, ""n_gen"": 64}",tg,64,28.2,0.02,0.07092198581560284,7,896,64
pn_sweep_step-p64-n32_n32_dyo78,qwen2_5_0_5b,"{""dynamicOption"": 7, ""n_prompt"": 960, ""n_gen"": 64}",tg,64,27.95,0.23,0.8228980322003578,7,960,64
pn_sweep_step-p64-n32_n32_dyo78,qwen2_5_0_5b,"{""dynamicOption"": 7, ""n_prompt"": 1024, ""n_gen"": 64}",tg,64,28.29,0.03,0.10604453870625662,7,1024,64
pn_sweep_step-p64-n32_n32_dyo78,qwen2_5_0_5b,"{""dynamicOption"": 8, ""n_prompt"": 64, ""n_gen"": 64}",tg,64,28.16,0.03,0.1065340909090909,8,64,64
pn_sweep_step-p64-n32_n32_dyo78,qwen2_5_0_5b,"{""dynamicOption"": 8, ""n_prompt"": 128, ""n_gen"": 64}",tg,64,27.56,0.04,0.14513788098693758,8,128,64
pn_sweep_step-p64-n32_n32_dyo78,qwen2_5_0_5b,"{""dynamicOption"": 8, ""n_prompt"": 192, ""n_gen"": 64}",tg,64,28.27,0.02,0.07074637424831977,8,192,64
pn_sweep_step-p64-n32_n32_dyo78,qwen2_5_0_5b,"{""dynamicOption"": 8, ""n_prompt"": 256, ""n_gen"": 64}",tg,64,28.23,0.05,0.17711654268508678,8,256,64
pn_sweep_step-p64-n32_n32_dyo78,qwen2_5_0_5b,"{""dynamicOption"": 8, ""n_prompt"": 320, ""n_gen"": 64}",tg,64,28.2,0.05,0.1773049645390071,8,320,64
pn_sweep_step-p64-n32_n32_dyo78,qwen2_5_0_5b,"{""dynamicOption"": 8, ""n_prompt"": 384, ""n_gen"": 64}",tg,64,28.12,0.03,0.10668563300142246,8,384,64
pn_sweep_step-p64-n32_n32_dyo78,qwen2_5_0_5b,"{""dynamicOption"": 8, ""n_prompt"": 448, ""n_gen"": 64}",tg,64,28.17,0.08,0.2839900603478878,8,448,64
pn_sweep_step-p64-n32_n32_dyo78,qwen2_5_0_5b,"{""dynamicOption"": 8, ""n_prompt"": 512, ""n_gen"": 64}",tg,64,28.22,0.03,0.10630758327427356,8,512,64
pn_sweep_step-p64-n32_n32_dyo78,qwen2_5_0_5b,"{""dynamicOption"": 8, ""n_prompt"": 576, ""n_gen"": 64}",tg,64,28.18,0.04,0.14194464158977999,8,576,64
pn_sweep_step-p64-n32_n32_dyo78,qwen2_5_0_5b,"{""dynamicOption"": 8, ""n_prompt"": 640, ""n_gen"": 64}",tg,64,28.2,0.02,0.07092198581560284,8,640,64
pn_sweep_step-p64-n32_n32_dyo78,qwen2_5_0_5b,"{""dynamicOption"": 8, ""n_prompt"": 704, ""n_gen"": 64}",tg,64,28.17,0.02,0.07099751508697195,8,704,64
pn_sweep_step-p64-n32_n32_dyo78,qwen2_5_0_5b,"{""dynamicOption"": 8, ""n_prompt"": 768, ""n_gen"": 64}",tg,64,28.2,0.07,0.24822695035460995,8,768,64
pn_sweep_step-p64-n32_n32_dyo78,qwen2_5_0_5b,"{""dynamicOption"": 8, ""n_prompt"": 832, ""n_gen"": 64}",tg,64,28.14,0.03,0.10660980810234541,8,832,64
pn_sweep_step-p64-n32_n32_dyo78,qwen2_5_0_5b,"{""dynamicOption"": 8, ""n_prompt"": 896, ""n_gen"": 64}",tg,64,28.06,0.1,0.3563791874554526,8,896,64
pn_sweep_step-p64-n32_n32_dyo78,qwen2_5_0_5b,"{""dynamicOption"": 8, ""n_prompt"": 960, ""n_gen"": 64}",tg,64,28.17,0.05,0.1774937877174299,8,960,64
pn_sweep_step-p64-n32_n32_dyo78,qwen2_5_0_5b,"{""dynamicOption"": 8, ""n_prompt"": 1024, ""n_gen"": 64}",tg,64,28.16,0.03,0.1065340909090909,8,1024,64
pn_sweep_step-p64-n32_n32_dyo78,qwen2_5_0_5b,"{""dynamicOption"": 7, ""n_prompt"": 64, ""n_gen"": 96}",tg,96,27.99,0.03,0.10718113612004287,7,64,96
pn_sweep_step-p64-n32_n32_dyo78,qwen2_5_0_5b,"{""dynamicOption"": 7, ""n_prompt"": 128, ""n_gen"": 96}",tg,96,27.86,0.02,0.07178750897343862,7,128,96
pn_sweep_step-p64-n32_n32_dyo78,qwen2_5_0_5b,"{""dynamicOption"": 7, ""n_prompt"": 192, ""n_gen"": 96}",tg,96,27.96,0.02,0.07153075822603719,7,192,96
pn_sweep_step-p64-n32_n32_dyo78,qwen2_5_0_5b,"{""dynamicOption"": 7, ""n_prompt"": 256, ""n_gen"": 96}",tg,96,27.91,0.02,0.07165890361877464,7,256,96
pn_sweep_step-p64-n32_n32_dyo78,qwen2_5_0_5b,"{""dynamicOption"": 7, ""n_prompt"": 320, ""n_gen"": 96}",tg,96,27.92,0.04,0.14326647564469913,7,320,96
pn_sweep_step-p64-n32_n32_dyo78,qwen2_5_0_5b,"{""dynamicOption"": 7, ""n_prompt"": 384, ""n_gen"": 96}",tg,96,27.83,0.03,0.10779734099892203,7,384,96
pn_sweep_step-p64-n32_n32_dyo78,qwen2_5_0_5b,"{""dynamicOption"": 7, ""n_prompt"": 448, ""n_gen"": 96}",tg,96,27.85,0.03,0.10771992818671454,7,448,96
pn_sweep_step-p64-n32_n32_dyo78,qwen2_5_0_5b,"{""dynamicOption"": 7, ""n_prompt"": 512, ""n_gen"": 96}",tg,96,27.94,0.03,0.10737294201861129,7,512,96
pn_sweep_step-p64-n32_n32_dyo78,qwen2_5_0_5b,"{""dynamicOption"": 7, ""n_prompt"": 576, ""n_gen"": 96}",tg,96,27.87,0.04,0.14352350197344815,7,576,96
pn_sweep_step-p64-n32_n32_dyo78,qwen2_5_0_5b,"{""dynamicOption"": 7, ""n_prompt"": 640, ""n_gen"": 96}",tg,96,27.95,0.02,0.07155635062611806,7,640,96
pn_sweep_step-p64-n32_n32_dyo78,qwen2_5_0_5b,"{""dynamicOption"": 7, ""n_prompt"": 704, ""n_gen"": 96}",tg,96,27.94,0.07,0.25053686471009307,7,704,96
pn_sweep_step-p64-n32_n32_dyo78,qwen2_5_0_5b,"{""dynamicOption"": 7, ""n_prompt"": 768, ""n_gen"": 96}",tg,96,27.99,0.04,0.14290818149339052,7,768,96
pn_sweep_step-p64-n32_n32_dyo78,qwen2_5_0_5b,"{""dynamicOption"": 7, ""n_prompt"": 832, ""n_gen"": 96}",tg,96,27.89,0.06,0.2151308712800287,7,832,96
pn_sweep_step-p64-n32_n32_dyo78,qwen2_5_0_5b,"{""dynamicOption"": 7, ""n_prompt"": 896, ""n_gen"": 96}",tg,96,27.88,0.03,0.10760401721664276,7,896,96
pn_sweep_step-p64-n32_n32_dyo78,qwen2_5_0_5b,"{""dynamicOption"": 7, ""n_prompt"": 960, ""n_gen"": 96}",tg,96,27.89,0.02,0.07171029042667623,7,960,96
pn_sweep_step-p64-n32_n32_dyo78,qwen2_5_0_5b,"{""dynamicOption"": 7, ""n_prompt"": 1024, ""n_gen"": 96}",tg,96,27.87,0.03,0.1076426264800861,7,1024,96
pn_sweep_step-p64-n32_n32_dyo78,qwen2_5_0_5b,"{""dynamicOption"": 8, ""n_prompt"": 64, ""n_gen"": 96}",tg,96,27.81,0.03,0.10787486515641855,8,64,96
pn_sweep_step-p64-n32_n32_dyo78,qwen2_5_0_5b,"{""dynamicOption"": 8, ""n_prompt"": 128, ""n_gen"": 96}",tg,96,27.84,0.02,0.07183908045977011,8,128,96
pn_sweep_step-p64-n32_n32_dyo78,qwen2_5_0_5b,"{""dynamicOption"": 8, ""n_prompt"": 192, ""n_gen"": 96}",tg,96,27.84,0.03,0.10775862068965517,8,192,96
pn_sweep_step-p64-n32_n32_dyo78,qwen2_5_0_5b,"{""dynamicOption"": 8, ""n_prompt"": 256, ""n_gen"": 96}",tg,96,27.85,0.02,0.07181328545780968,8,256,96
pn_sweep_step-p64-n32_n32_dyo78,qwen2_5_0_5b,"{""dynamicOption"": 8, ""n_prompt"": 320, ""n_gen"": 96}",tg,96,27.9,0.03,0.10752688172043011,8,320,96
pn_sweep_step-p64-n32_n32_dyo78,qwen2_5_0_5b,"{""dynamicOption"": 8, ""n_prompt"": 384, ""n_gen"": 96}",tg,96,27.7,0.08,0.28880866425992785,8,384,96
pn_sweep_step-p64-n32_n32_dyo78,qwen2_5_0_5b,"{""dynamicOption"": 8, ""n_prompt"": 448, ""n_gen"": 96}",tg,96,27.85,0.03,0.10771992818671454,8,448,96
pn_sweep_step-p64-n32_n32_dyo78,qwen2_5_0_5b,"{""dynamicOption"": 8, ""n_prompt"": 512, ""n_gen"": 96}",tg,96,27.96,0.02,0.07153075822603719,8,512,96
pn_sweep_step-p64-n32_n32_dyo78,qwen2_5_0_5b,"{""dynamicOption"": 8, ""n_prompt"": 576, ""n_gen"": 96}",tg,96,27.93,0.02,0.0716075904045829,8,576,96
pn_sweep_step-p64-n32_n32_dyo78,qwen2_5_0_5b,"{""dynamicOption"": 8, ""n_prompt"": 640, ""n_gen"": 96}",tg,96,27.82,0.04,0.14378145219266716,8,640,96
pn_sweep_step-p64-n32_n32_dyo78,qwen2_5_0_5b,"{""dynamicOption"": 8, ""n_prompt"": 704, ""n_gen"": 96}",tg,96,27.73,0.03,0.10818608005769922,8,704,96
pn_sweep_step-p64-n32_n32_dyo78,qwen2_5_0_5b,"{""dynamicOption"": 8, ""n_prompt"": 768, ""n_gen"": 96}",tg,96,27.81,0.04,0.1438331535418914,8,768,96
pn_sweep_step-p64-n32_n32_dyo78,qwen2_5_0_5b,"{""dynamicOption"": 8, ""n_prompt"": 832, ""n_gen"": 96}",tg,96,27.89,0.05,0.17927572606669057,8,832,96
pn_sweep_step-p64-n32_n32_dyo78,qwen2_5_0_5b,"{""dynamicOption"": 8, ""n_prompt"": 896, ""n_gen"": 96}",tg,96,27.67,0.02,0.07228044813877846,8,896,96
pn_sweep_step-p64-n32_n32_dyo78,qwen2_5_0_5b,"{""dynamicOption"": 8, ""n_prompt"": 960, ""n_gen"": 96}",tg,96,27.81,0.02,0.0719165767709457,8,960,96
pn_sweep_step-p64-n32_n32_dyo78,qwen2_5_0_5b,"{""dynamicOption"": 8, ""n_prompt"": 1024, ""n_gen"": 96}",tg,96,27.81,0.01,0.03595828838547285,8,1024,96
pn_sweep_step-p64-n32_n32_dyo78,smolvlm2_256m,"{""dynamicOption"": 7, ""n_prompt"": 1024, ""n_gen"": 32}",pp,1024,135.09,0.16,0.11843955881264343,7,1024,32
pn_sweep_step-p64-n32_n32_dyo78,smolvlm2_256m,"{""dynamicOption"": 7, ""n_prompt"": 1024, ""n_gen"": 64}",pp,1024,134.71,0.14,0.10392695419790662,7,1024,64
pn_sweep_step-p64-n32_n32_dyo78,smolvlm2_256m,"{""dynamicOption"": 7, ""n_prompt"": 1024, ""n_gen"": 96}",pp,1024,135.17,0.17,0.12576755197159134,7,1024,96
pn_sweep_step-p64-n32_n32_dyo78,smolvlm2_256m,"{""dynamicOption"": 7, ""n_prompt"": 1024, ""n_gen"": 128}",pp,1024,134.95,0.13,0.09633197480548353,7,1024,128
pn_sweep_step-p64-n32_n32_dyo78,smolvlm2_256m,"{""dynamicOption"": 8, ""n_prompt"": 1024, ""n_gen"": 32}",pp,1024,134.95,0.13,0.09633197480548353,8,1024,32
pn_sweep_step-p64-n32_n32_dyo78,smolvlm2_256m,"{""dynamicOption"": 8, ""n_prompt"": 1024, ""n_gen"": 64}",pp,1024,135.21,0.09,0.06656312402928777,8,1024,64
pn_sweep_step-p64-n32_n32_dyo78,smolvlm2_256m,"{""dynamicOption"": 8, ""n_prompt"": 1024, ""n_gen"": 96}",pp,1024,135.18,0.1,0.07397544015386892,8,1024,96
pn_sweep_step-p64-n32_n32_dyo78,smolvlm2_256m,"{""dynamicOption"": 8, ""n_prompt"": 1024, ""n_gen"": 128}",pp,1024,135.28,0.18,0.13305736250739206,8,1024,128
pn_sweep_step-p64-n32_n32_dyo78,smolvlm2_256m,"{""dynamicOption"": 7, ""n_prompt"": 128, ""n_gen"": 32}",pp,128,214.88,0.1,0.046537602382725245,7,128,32
pn_sweep_step-p64-n32_n32_dyo78,smolvlm2_256m,"{""dynamicOption"": 7, ""n_prompt"": 128, ""n_gen"": 64}",pp,128,214.8,0.11,0.051210428305400374,7,128,64
pn_sweep_step-p64-n32_n32_dyo78,smolvlm2_256m,"{""dynamicOption"": 7, ""n_prompt"": 128, ""n_gen"": 96}",pp,128,214.86,0.05,0.023270967141394396,7,128,96
pn_sweep_step-p64-n32_n32_dyo78,smolvlm2_256m,"{""dynamicOption"": 7, ""n_prompt"": 128, ""n_gen"": 128}",pp,128,214.92,0.04,0.018611576400521124,7,128,128
pn_sweep_step-p64-n32_n32_dyo78,smolvlm2_256m,"{""dynamicOption"": 8, ""n_prompt"": 128, ""n_gen"": 32}",pp,128,214.93,0.15,0.06979016423951984,8,128,32
pn_sweep_step-p64-n32_n32_dyo78,smolvlm2_256m,"{""dynamicOption"": 8, ""n_prompt"": 128, ""n_gen"": 64}",pp,128,214.54,0.09,0.041950219073366275,8,128,64
pn_sweep_step-p64-n32_n32_dyo78,smolvlm2_256m,"{""dynamicOption"": 8, ""n_prompt"": 128, ""n_gen"": 96}",pp,128,214.9,0.16,0.07445323406235459,8,128,96
pn_sweep_step-p64-n32_n32_dyo78,smolvlm2_256m,"{""dynamicOption"": 8, ""n_prompt"": 128, ""n_gen"": 128}",pp,128,214.71,0.13,0.060546784034278794,8,128,128
pn_sweep_step-p64-n32_n32_dyo78,smolvlm2_256m,"{""dynamicOption"": 7, ""n_prompt"": 192, ""n_gen"": 32}",pp,192,227.73,0.08,0.03512931980854521,7,192,32
pn_sweep_step-p64-n32_n32_dyo78,smolvlm2_256m,"{""dynamicOption"": 7, ""n_prompt"": 192, ""n_gen"": 64}",pp,192,227.6,0.23,0.10105448154657294,7,192,64
pn_sweep_step-p64-n32_n32_dyo78,smolvlm2_256m,"{""dynamicOption"": 7, ""n_prompt"": 192, ""n_gen"": 96}",pp,192,227.75,0.08,0.03512623490669594,7,192,96
pn_sweep_step-p64-n32_n32_dyo78,smolvlm2_256m,"{""dynamicOption"": 7, ""n_prompt"": 192, ""n_gen"": 128}",pp,192,227.61,0.13,0.057115240982382146,7,192,128
pn_sweep_step-p64-n32_n32_dyo78,smolvlm2_256m,"{""dynamicOption"": 8, ""n_prompt"": 192, ""n_gen"": 32}",pp,192,227.88,0.07,0.03071792171318238,8,192,32
pn_sweep_step-p64-n32_n32_dyo78,smolvlm2_256m,"{""dynamicOption"": 8, ""n_prompt"": 192, ""n_gen"": 64}",pp,192,227.57,0.15,0.06591378476952146,8,192,64
pn_sweep_step-p64-n32_n32_dyo78,smolvlm2_256m,"{""dynamicOption"": 8, ""n_prompt"": 192, ""n_gen"": 96}",pp,192,227.77,0.11,0.048294332001580544,8,192,96
pn_sweep_step-p64-n32_n32_dyo78,smolvlm2_256m,"{""dynamicOption"": 8, ""n_prompt"": 192, ""n_gen"": 128}",pp,192,227.94,0.15,0.06580679126085812,8,192,128
pn_sweep_step-p64-n32_n32_dyo78,smolvlm2_256m,"{""dynamicOption"": 7, ""n_prompt"": 256, ""n_gen"": 32}",pp,256,204.53,0.05,0.024446291497579816,7,256,32
pn_sweep_step-p64-n32_n32_dyo78,smolvlm2_256m,"{""dynamicOption"": 7, ""n_prompt"": 256, ""n_gen"": 64}",pp,256,204.74,0.09,0.04395819087623327,7,256,64
pn_sweep_step-p64-n32_n32_dyo78,smolvlm2_256m,"{""dynamicOption"": 7, ""n_prompt"": 256, ""n_gen"": 96}",pp,256,204.74,0.07,0.0341897040148481,7,256,96
pn_sweep_step-p64-n32_n32_dyo78,smolvlm2_256m,"{""dynamicOption"": 7, ""n_prompt"": 256, ""n_gen"": 128}",pp,256,204.61,0.2,0.09774693318997116,7,256,128
pn_sweep_step-p64-n32_n32_dyo78,smolvlm2_256m,"{""dynamicOption"": 8, ""n_prompt"": 256, ""n_gen"": 32}",pp,256,204.83,0.04,0.019528389396084558,8,256,32
pn_sweep_step-p64-n32_n32_dyo78,smolvlm2_256m,"{""dynamicOption"": 8, ""n_prompt"": 256, ""n_gen"": 64}",pp,256,204.9,0.06,0.029282576866764276,8,256,64
pn_sweep_step-p64-n32_n32_dyo78,smolvlm2_256m,"{""dynamicOption"": 8, ""n_prompt"": 256, ""n_gen"": 96}",pp,256,204.77,0.11,0.053718806465790886,8,256,96
pn_sweep_step-p64-n32_n32_dyo78,smolvlm2_256m,"{""dynamicOption"": 8, ""n_prompt"": 256, ""n_gen"": 128}",pp,256,204.44,0.12,0.05869692819409117,8,256,128
pn_sweep_step-p64-n32_n32_dyo78,smolvlm2_256m,"{""dynamicOption"": 7, ""n_prompt"": 320, ""n_gen"": 32}",pp,320,204.53,0.24,0.11734219918838312,7,320,32
pn_sweep_step-p64-n32_n32_dyo78,smolvlm2_256m,"{""dynamicOption"": 7, ""n_prompt"": 320, ""n_gen"": 64}",pp,320,204.08,0.31,0.15190121520972166,7,320,64
pn_sweep_step-p64-n32_n32_dyo78,smolvlm2_256m,"{""dynamicOption"": 7, ""n_prompt"": 320, ""n_gen"": 96}",pp,320,204.05,0.17,0.08331291350159276,7,320,96
pn_sweep_step-p64-n32_n32_dyo78,smolvlm2_256m,"{""dynamicOption"": 7, ""n_prompt"": 320, ""n_gen"": 128}",pp,320,204.48,0.31,0.15160406885758998,7,320,128
pn_sweep_step-p64-n32_n32_dyo78,smolvlm2_256m,"{""dynamicOption"": 8, ""n_prompt"": 320, ""n_gen"": 32}",pp,320,204.26,0.22,0.1077058650739254,8,320,32
pn_sweep_step-p64-n32_n32_dyo78,smolvlm2_256m,"{""dynamicOption"": 8, ""n_prompt"": 320, ""n_gen"": 64}",pp,320,204.37,0.29,0.14189949601213483,8,320,64
pn_sweep_step-p64-n32_n32_dyo78,smolvlm2_256m,"{""dynamicOption"": 8, ""n_prompt"": 320, ""n_gen"": 96}",pp,320,204.32,0.18,0.08809710258418167,8,320,96
pn_sweep_step-p64-n32_n32_dyo78,smolvlm2_256m,"{""dynamicOption"": 8, ""n_prompt"": 320, ""n_gen"": 128}",pp,320,204.21,0.19,0.09304147691102296,8,320,128
pn_sweep_step-p64-n32_n32_dyo78,smolvlm2_256m,"{""dynamicOption"": 7, ""n_prompt"": 384, ""n_gen"": 32}",pp,384,201.86,0.26,0.12880214009709698,7,384,32
pn_sweep_step-p64-n32_n32_dyo78,smolvlm2_256m,"{""dynamicOption"": 7, ""n_prompt"": 384, ""n_gen"": 64}",pp,384,201.61,0.41,0.20336292842616932,7,384,64
pn_sweep_step-p64-n32_n32_dyo78,smolvlm2_256m,"{""dynamicOption"": 7, ""n_prompt"": 384, ""n_gen"": 96}",pp,384,201.72,0.33,0.1635930993456276,7,384,96
pn_sweep_step-p64-n32_n32_dyo78,smolvlm2_256m,"{""dynamicOption"": 7, ""n_prompt"": 384, ""n_gen"": 128}",pp,384,202.01,0.22,0.10890549972773626,7,384,128
pn_sweep_step-p64-n32_n32_dyo78,smolvlm2_256m,"{""dynamicOption"": 8, ""n_prompt"": 384, ""n_gen"": 32}",pp,384,201.42,0.36,0.17873100983020554,8,384,32
pn_sweep_step-p64-n32_n32_dyo78,smolvlm2_256m,"{""dynamicOption"": 8, ""n_prompt"": 384, ""n_gen"": 64}",pp,384,201.55,0.11,0.05457702803274621,8,384,64
pn_sweep_step-p64-n32_n32_dyo78,smolvlm2_256m,"{""dynamicOption"": 8, ""n_prompt"": 384, ""n_gen"": 96}",pp,384,202.02,0.35,0.17325017325017322,8,384,96
pn_sweep_step-p64-n32_n32_dyo78,smolvlm2_256m,"{""dynamicOption"": 8, ""n_prompt"": 384, ""n_gen"": 128}",pp,384,201.85,0.31,0.15357939063661133,8,384,128
pn_sweep_step-p64-n32_n32_dyo78,smolvlm2_256m,"{""dynamicOption"": 7, ""n_prompt"": 448, ""n_gen"": 32}",pp,448,185.46,0.14,0.07548797584384774,7,448,32
pn_sweep_step-p64-n32_n32_dyo78,smolvlm2_256m,"{""dynamicOption"": 7, ""n_prompt"": 448, ""n_gen"": 64}",pp,448,185.51,0.22,0.11859198965015363,7,448,64
pn_sweep_step-p64-n32_n32_dyo78,smolvlm2_256m,"{""dynamicOption"": 7, ""n_prompt"": 448, ""n_gen"": 96}",pp,448,185.23,0.16,0.0863790962587054,7,448,96
pn_sweep_step-p64-n32_n32_dyo78,smolvlm2_256m,"{""dynamicOption"": 7, ""n_prompt"": 448, ""n_gen"": 128}",pp,448,185.37,0.32,0.17262771753789719,7,448,128
pn_sweep_step-p64-n32_n32_dyo78,smolvlm2_256m,"{""dynamicOption"": 8, ""n_prompt"": 448, ""n_gen"": 32}",pp,448,185.37,0.18,0.09710309111506715,8,448,32
pn_sweep_step-p64-n32_n32_dyo78,smolvlm2_256m,"{""dynamicOption"": 8, ""n_prompt"": 448, ""n_gen"": 64}",pp,448,185.53,0.23,0.12396916940656498,8,448,64
pn_sweep_step-p64-n32_n32_dyo78,smolvlm2_256m,"{""dynamicOption"": 8, ""n_prompt"": 448, ""n_gen"": 96}",pp,448,185.49,0.17,0.0916491455064963,8,448,96
pn_sweep_step-p64-n32_n32_dyo78,smolvlm2_256m,"{""dynamicOption"": 8, ""n_prompt"": 448, ""n_gen"": 128}",pp,448,185.41,0.18,0.09708214227927296,8,448,128
pn_sweep_step-p64-n32_n32_dyo78,smolvlm2_256m,"{""dynamicOption"": 7, ""n_prompt"": 512, ""n_gen"": 32}",pp,512,181.17,0.29,0.16007065187393055,7,512,32
pn_sweep_step-p64-n32_n32_dyo78,smolvlm2_256m,"{""dynamicOption"": 7, ""n_prompt"": 512, ""n_gen"": 64}",pp,512,181.64,0.19,0.10460251046025106,7,512,64
pn_sweep_step-p64-n32_n32_dyo78,smolvlm2_256m,"{""dynamicOption"": 7, ""n_prompt"": 512, ""n_gen"": 96}",pp,512,181.24,0.31,0.1710439196645332,7,512,96
pn_sweep_step-p64-n32_n32_dyo78,smolvlm2_256m,"{""dynamicOption"": 7, ""n_prompt"": 512, ""n_gen"": 128}",pp,512,181.56,0.19,0.10464860101343909,7,512,128
pn_sweep_step-p64-n32_n32_dyo78,smolvlm2_256m,"{""dynamicOption"": 8, ""n_prompt"": 512, ""n_gen"": 32}",pp,512,181.29,0.2,0.11032048099729715,8,512,32
pn_sweep_step-p64-n32_n32_dyo78,smolvlm2_256m,"{""dynamicOption"": 8, ""n_prompt"": 512, ""n_gen"": 64}",pp,512,181.3,0.22,0.12134583563154992,8,512,64
pn_sweep_step-p64-n32_n32_dyo78,smolvlm2_256m,"{""dynamicOption"": 8, ""n_prompt"": 512, ""n_gen"": 96}",pp,512,181.2,0.31,0.17108167770419427,8,512,96
pn_sweep_step-p64-n32_n32_dyo78,smolvlm2_256m,"{""dynamicOption"": 8, ""n_prompt"": 512, ""n_gen"": 128}",pp,512,181.49,0.21,0.11570885448234061,8,512,128
pn_sweep_step-p64-n32_n32_dyo78,smolvlm2_256m,"{""dynamicOption"": 7, ""n_prompt"": 576, ""n_gen"": 32}",pp,576,177.52,0.31,0.1746282109058134,7,576,32
pn_sweep_step-p64-n32_n32_dyo78,smolvlm2_256m,"{""dynamicOption"": 7, ""n_prompt"": 576, ""n_gen"": 64}",pp,576,177.73,0.33,0.1856749001294098,7,576,64
pn_sweep_step-p64-n32_n32_dyo78,smolvlm2_256m,"{""dynamicOption"": 7, ""n_prompt"": 576, ""n_gen"": 96}",pp,576,177.51,0.24,0.13520365049856348,7,576,96
pn_sweep_step-p64-n32_n32_dyo78,smolvlm2_256m,"{""dynamicOption"": 7, ""n_prompt"": 576, ""n_gen"": 128}",pp,576,177.64,0.04,0.022517451024544024,7,576,128
pn_sweep_step-p64-n32_n32_dyo78,smolvlm2_256m,"{""dynamicOption"": 8, ""n_prompt"": 576, ""n_gen"": 32}",pp,576,177.45,0.2,0.11270780501549733,8,576,32
pn_sweep_step-p64-n32_n32_dyo78,smolvlm2_256m,"{""dynamicOption"": 8, ""n_prompt"": 576, ""n_gen"": 64}",pp,576,177.69,0.3,0.1688333614722269,8,576,64
pn_sweep_step-p64-n32_n32_dyo78,smolvlm2_256m,"{""dynamicOption"": 8, ""n_prompt"": 576, ""n_gen"": 96}",pp,576,177.54,0.31,0.17460853892080658,8,576,96
pn_sweep_step-p64-n32_n32_dyo78,smolvlm2_256m,"{""dynamicOption"": 8, ""n_prompt"": 576, ""n_gen"": 128}",pp,576,177.64,0.2,0.11258725512272012,8,576,128
pn_sweep_step-p64-n32_n32_dyo78,smolvlm2_256m,"{""dynamicOption"": 7, ""n_prompt"": 64, ""n_gen"": 32}",pp,64,174.86,0.08,0.04575088642342445,7,64,32
pn_sweep_step-p64-n32_n32_dyo78,smolvlm2_256m,"{""dynamicOption"": 7, ""n_prompt"": 64, ""n_gen"": 64}",pp,64,174.13,0.11,0.06317119393556539,7,64,64
pn_sweep_step-p64-n32_n32_dyo78,smolvlm2_256m,"{""dynamicOption"": 7, ""n_prompt"": 64, ""n_gen"": 96}",pp,64,174.77,0.09,0.05149625221719975,7,64,96
pn_sweep_step-p64-n32_n32_dyo78,smolvlm2_256m,"{""dynamicOption"": 7, ""n_prompt"": 64, ""n_gen"": 128}",pp,64,174.59,0.09,0.05154934417778796,7,64,128
pn_sweep_step-p64-n32_n32_dyo78,smolvlm2_256m,"{""dynamicOption"": 8, ""n_prompt"": 64, ""n_gen"": 32}",pp,64,174.92,0.1,0.05716899153898926,8,64,32
pn_sweep_step-p64-n32_n32_dyo78,smolvlm2_256m,"{""dynamicOption"": 8, ""n_prompt"": 64, ""n_gen"": 64}",pp,64,174.75,0.08,0.045779685264663805,8,64,64
pn_sweep_step-p64-n32_n32_dyo78,smolvlm2_256m,"{""dynamicOption"": 8, ""n_prompt"": 64, ""n_gen"": 96}",pp,64,174.87,0.07,0.0400297363755933,8,64,96
pn_sweep_step-p64-n32_n32_dyo78,smolvlm2_256m,"{""dynamicOption"": 8, ""n_prompt"": 64, ""n_gen"": 128}",pp,64,174.42,0.06,0.03439972480220158,8,64,128
pn_sweep_step-p64-n32_n32_dyo78,smolvlm2_256m,"{""dynamicOption"": 7, ""n_prompt"": 640, ""n_gen"": 32}",pp,640,166.71,0.1,0.05998440405494571,7,640,32
pn_sweep_step-p64-n32_n32_dyo78,smolvlm2_256m,"{""dynamicOption"": 7, ""n_prompt"": 640, ""n_gen"": 64}",pp,640,167.1,0.15,0.08976660682226212,7,640,64
pn_sweep_step-p64-n32_n32_dyo78,smolvlm2_256m,"{""dynamicOption"": 7, ""n_prompt"": 640, ""n_gen"": 96}",pp,640,166.71,0.28,0.16795633135384802,7,640,96
pn_sweep_step-p64-n32_n32_dyo78,smolvlm2_256m,"{""dynamicOption"": 7, ""n_prompt"": 640, ""n_gen"": 128}",pp,640,166.9,0.21,0.12582384661473936,7,640,128
pn_sweep_step-p64-n32_n32_dyo78,smolvlm2_256m,"{""dynamicOption"": 8, ""n_prompt"": 640, ""n_gen"": 32}",pp,640,166.49,0.12,0.07207640098504414,8,640,32
pn_sweep_step-p64-n32_n32_dyo78,smolvlm2_256m,"{""dynamicOption"": 8, ""n_prompt"": 640, ""n_gen"": 64}",pp,640,166.73,0.06,0.03598632519642536,8,640,64
pn_sweep_step-p64-n32_n32_dyo78,smolvlm2_256m,"{""dynamicOption"": 8, ""n_prompt"": 640, ""n_gen"": 96}",pp,640,166.83,0.13,0.0779236348378589,8,640,96
pn_sweep_step-p64-n32_n32_dyo78,smolvlm2_256m,"{""dynamicOption"": 8, ""n_prompt"": 640, ""n_gen"": 128}",pp,640,166.72,0.09,0.053982725527831094,8,640,128
pn_sweep_step-p64-n32_n32_dyo78,smolvlm2_256m,"{""dynamicOption"": 7, ""n_prompt"": 704, ""n_gen"": 32}",pp,704,162.27,0.14,0.086275959820053,7,704,32
pn_sweep_step-p64-n32_n32_dyo78,smolvlm2_256m,"{""dynamicOption"": 7, ""n_prompt"": 704, ""n_gen"": 64}",pp,704,161.86,0.18,0.11120721611268995,7,704,64
pn_sweep_step-p64-n32_n32_dyo78,smolvlm2_256m,"{""dynamicOption"": 7, ""n_prompt"": 704, ""n_gen"": 96}",pp,704,162.51,0.16,0.09845547966278999,7,704,96
pn_sweep_step-p64-n32_n32_dyo78,smolvlm2_256m,"{""dynamicOption"": 7, ""n_prompt"": 704, ""n_gen"": 128}",pp,704,162.34,0.25,0.15399778243193296,7,704,128
pn_sweep_step-p64-n32_n32_dyo78,smolvlm2_256m,"{""dynamicOption"": 8, ""n_prompt"": 704, ""n_gen"": 32}",pp,704,162.42,0.25,0.1539219307966999,8,704,32
pn_sweep_step-p64-n32_n32_dyo78,smolvlm2_256m,"{""dynamicOption"": 8, ""n_prompt"": 704, ""n_gen"": 64}",pp,704,162.45,0.21,0.12927054478301017,8,704,64
pn_sweep_step-p64-n32_n32_dyo78,smolvlm2_256m,"{""dynamicOption"": 8, ""n_prompt"": 704, ""n_gen"": 96}",pp,704,162.5,0.14,0.08615384615384616,8,704,96
pn_sweep_step-p64-n32_n32_dyo78,smolvlm2_256m,"{""dynamicOption"": 8, ""n_prompt"": 704, ""n_gen"": 128}",pp,704,162.15,0.1,0.06167129201356769,8,704,128
pn_sweep_step-p64-n32_n32_dyo78,smolvlm2_256m,"{""dynamicOption"": 7, ""n_prompt"": 768, ""n_gen"": 32}",pp,768,157.92,0.29,0.1836372847011145,7,768,32
pn_sweep_step-p64-n32_n32_dyo78,smolvlm2_256m,"{""dynamicOption"": 7, ""n_prompt"": 768, ""n_gen"": 64}",pp,768,157.81,0.27,0.17109181927634498,7,768,64
pn_sweep_step-p64-n32_n32_dyo78,smolvlm2_256m,"{""dynamicOption"": 7, ""n_prompt"": 768, ""n_gen"": 96}",pp,768,157.68,0.21,0.13318112633181126,7,768,96
pn_sweep_step-p64-n32_n32_dyo78,smolvlm2_256m,"{""dynamicOption"": 7, ""n_prompt"": 768, ""n_gen"": 128}",pp,768,157.81,0.13,0.08237754261453646,7,768,128
pn_sweep_step-p64-n32_n32_dyo78,smolvlm2_256m,"{""dynamicOption"": 8, ""n_prompt"": 768, ""n_gen"": 32}",pp,768,158.1,0.07,0.04427577482605946,8,768,32
pn_sweep_step-p64-n32_n32_dyo78,smolvlm2_256m,"{""dynamicOption"": 8, ""n_prompt"": 768, ""n_gen"": 64}",pp,768,157.7,0.25,0.15852885225110971,8,768,64
pn_sweep_step-p64-n32_n32_dyo78,smolvlm2_256m,"{""dynamicOption"": 8, ""n_prompt"": 768, ""n_gen"": 96}",pp,768,157.75,0.15,0.09508716323296354,8,768,96
pn_sweep_step-p64-n32_n32_dyo78,smolvlm2_256m,"{""dynamicOption"": 8, ""n_prompt"": 768, ""n_gen"": 128}",pp,768,157.68,0.1,0.06341958396752917,8,768,128
pn_sweep_step-p64-n32_n32_dyo78,smolvlm2_256m,"{""dynamicOption"": 7, ""n_prompt"": 832, ""n_gen"": 32}",pp,832,149.67,0.07,0.046769559698002276,7,832,32
pn_sweep_step-p64-n32_n32_dyo78,smolvlm2_256m,"{""dynamicOption"": 7, ""n_prompt"": 832, ""n_gen"": 64}",pp,832,149.77,0.13,0.08679975963143487,7,832,64
pn_sweep_step-p64-n32_n32_dyo78,smolvlm2_256m,"{""dynamicOption"": 7, ""n_prompt"": 832, ""n_gen"": 96}",pp,832,149.77,0.15,0.10015356880550175,7,832,96
pn_sweep_step-p64-n32_n32_dyo78,smolvlm2_256m,"{""dynamicOption"": 7, ""n_prompt"": 832, ""n_gen"": 128}",pp,832,149.63,0.24,0.1603956425850431,7,832,128
pn_sweep_step-p64-n32_n32_dyo78,smolvlm2_256m,"{""dynamicOption"": 8, ""n_prompt"": 832, ""n_gen"": 32}",pp,832,149.82,0.16,0.10679482045120813,8,832,32
pn_sweep_step-p64-n32_n32_dyo78,smolvlm2_256m,"{""dynamicOption"": 8, ""n_prompt"": 832, ""n_gen"": 64}",pp,832,149.65,0.09,0.06014032743067156,8,832,64
pn_sweep_step-p64-n32_n32_dyo78,smolvlm2_256m,"{""dynamicOption"": 8, ""n_prompt"": 832, ""n_gen"": 96}",pp,832,149.74,0.19,0.12688660344597302,8,832,96
pn_sweep_step-p64-n32_n32_dyo78,smolvlm2_256m,"{""dynamicOption"": 8, ""n_prompt"": 832, ""n_gen"": 128}",pp,832,149.76,0.08,0.05341880341880342,8,832,128
pn_sweep_step-p64-n32_n32_dyo78,smolvlm2_256m,"{""dynamicOption"": 7, ""n_prompt"": 896, ""n_gen"": 32}",pp,896,145.88,0.12,0.08225939128050452,7,896,32
pn_sweep_step-p64-n32_n32_dyo78,smolvlm2_256m,"{""dynamicOption"": 7, ""n_prompt"": 896, ""n_gen"": 64}",pp,896,145.84,0.1,0.06856829402084476,7,896,64
pn_sweep_step-p64-n32_n32_dyo78,smolvlm2_256m,"{""dynamicOption"": 7, ""n_prompt"": 896, ""n_gen"": 96}",pp,896,145.76,0.11,0.07546652030735455,7,896,96
pn_sweep_step-p64-n32_n32_dyo78,smolvlm2_256m,"{""dynamicOption"": 7, ""n_prompt"": 896, ""n_gen"": 128}",pp,896,145.5,0.15,0.10309278350515465,7,896,128
pn_sweep_step-p64-n32_n32_dyo78,smolvlm2_256m,"{""dynamicOption"": 8, ""n_prompt"": 896, ""n_gen"": 32}",pp,896,145.86,0.09,0.06170300287947346,8,896,32
pn_sweep_step-p64-n32_n32_dyo78,smolvlm2_256m,"{""dynamicOption"": 8, ""n_prompt"": 896, ""n_gen"": 64}",pp,896,145.84,0.21,0.143993417443774,8,896,64
pn_sweep_step-p64-n32_n32_dyo78,smolvlm2_256m,"{""dynamicOption"": 8, ""n_prompt"": 896, ""n_gen"": 96}",pp,896,145.77,0.18,0.12348219798312407,8,896,96
pn_sweep_step-p64-n32_n32_dyo78,smolvlm2_256m,"{""dynamicOption"": 8, ""n_prompt"": 896, ""n_gen"": 128}",pp,896,145.86,0.14,0.0959824489236254,8,896,128
pn_sweep_step-p64-n32_n32_dyo78,smolvlm2_256m,"{""dynamicOption"": 7, ""n_prompt"": 960, ""n_gen"": 32}",pp,960,141.87,0.08,0.05638965249876647,7,960,32
pn_sweep_step-p64-n32_n32_dyo78,smolvlm2_256m,"{""dynamicOption"": 7, ""n_prompt"": 960, ""n_gen"": 64}",pp,960,141.62,0.16,0.11297839288236125,7,960,64
pn_sweep_step-p64-n32_n32_dyo78,smolvlm2_256m,"{""dynamicOption"": 7, ""n_prompt"": 960, ""n_gen"": 96}",pp,960,141.65,0.25,0.17649135192375573,7,960,96
pn_sweep_step-p64-n32_n32_dyo78,smolvlm2_256m,"{""dynamicOption"": 7, ""n_prompt"": 960, ""n_gen"": 128}",pp,960,141.79,0.06,0.04231610127653572,7,960,128
pn_sweep_step-p64-n32_n32_dyo78,smolvlm2_256m,"{""dynamicOption"": 8, ""n_prompt"": 960, ""n_gen"": 32}",pp,960,141.68,0.07,0.049407114624505935,8,960,32
pn_sweep_step-p64-n32_n32_dyo78,smolvlm2_256m,"{""dynamicOption"": 8, ""n_prompt"": 960, ""n_gen"": 64}",pp,960,141.62,0.11,0.07767264510662336,8,960,64
pn_sweep_step-p64-n32_n32_dyo78,smolvlm2_256m,"{""dynamicOption"": 8, ""n_prompt"": 960, ""n_gen"": 96}",pp,960,141.61,0.17,0.12004801920768307,8,960,96
pn_sweep_step-p64-n32_n32_dyo78,smolvlm2_256m,"{""dynamicOption"": 8, ""n_prompt"": 960, ""n_gen"": 128}",pp,960,141.81,0.1,0.07051688879486638,8,960,128
pn_sweep_step-p64-n32_n32_dyo78,smolvlm2_256m,"{""dynamicOption"": 7, ""n_prompt"": 64, ""n_gen"": 128}",tg,128,40.51,0.09,0.2221673660824488,7,64,128
pn_sweep_step-p64-n32_n32_dyo78,smolvlm2_256m,"{""dynamicOption"": 7, ""n_prompt"": 128, ""n_gen"": 128}",tg,128,41.62,0.16,0.3844305622296973,7,128,128
pn_sweep_step-p64-n32_n32_dyo78,smolvlm2_256m,"{""dynamicOption"": 7, ""n_prompt"": 192, ""n_gen"": 128}",tg,128,41.13,0.13,0.3160709944079747,7,192,128
pn_sweep_step-p64-n32_n32_dyo78,smolvlm2_256m,"{""dynamicOption"": 7, ""n_prompt"": 256, ""n_gen"": 128}",tg,128,41.78,0.04,0.09573958831977022,7,256,128
pn_sweep_step-p64-n32_n32_dyo78,smolvlm2_256m,"{""dynamicOption"": 7, ""n_prompt"": 320, ""n_gen"": 128}",tg,128,41.8,0.16,0.38277511961722493,7,320,128
pn_sweep_step-p64-n32_n32_dyo78,smolvlm2_256m,"{""dynamicOption"": 7, ""n_prompt"": 384, ""n_gen"": 128}",tg,128,40.77,0.07,0.17169487368162864,7,384,128
pn_sweep_step-p64-n32_n32_dyo78,smolvlm2_256m,"{""dynamicOption"": 7, ""n_prompt"": 448, ""n_gen"": 128}",tg,128,41.57,0.37,0.8900649506855907,7,448,128
pn_sweep_step-p64-n32_n32_dyo78,smolvlm2_256m,"{""dynamicOption"": 7, ""n_prompt"": 512, ""n_gen"": 128}",tg,128,40.77,0.02,0.04905567819475104,7,512,128
pn_sweep_step-p64-n32_n32_dyo78,smolvlm2_256m,"{""dynamicOption"": 7, ""n_prompt"": 576, ""n_gen"": 128}",tg,128,41.75,0.08,0.19161676646706588,7,576,128
pn_sweep_step-p64-n32_n32_dyo78,smolvlm2_256m,"{""dynamicOption"": 7, ""n_prompt"": 640, ""n_gen"": 128}",tg,128,41.52,0.03,0.0722543352601156,7,640,128
pn_sweep_step-p64-n32_n32_dyo78,smolvlm2_256m,"{""dynamicOption"": 7, ""n_prompt"": 704, ""n_gen"": 128}",tg,128,41.64,0.12,0.2881844380403458,7,704,128
pn_sweep_step-p64-n32_n32_dyo78,smolvlm2_256m,"{""dynamicOption"": 7, ""n_prompt"": 768, ""n_gen"": 128}",tg,128,41.0,0.2,0.4878048780487805,7,768,128
pn_sweep_step-p64-n32_n32_dyo78,smolvlm2_256m,"{""dynamicOption"": 7, ""n_prompt"": 832, ""n_gen"": 128}",tg,128,41.0,0.09,0.2195121951219512,7,832,128
pn_sweep_step-p64-n32_n32_dyo78,smolvlm2_256m,"{""dynamicOption"": 7, ""n_prompt"": 896, ""n_gen"": 128}",tg,128,40.86,0.08,0.19579050416054822,7,896,128
pn_sweep_step-p64-n32_n32_dyo78,smolvlm2_256m,"{""dynamicOption"": 7, ""n_prompt"": 960, ""n_gen"": 128}",tg,128,40.87,0.06,0.14680694886224616,7,960,128
pn_sweep_step-p64-n32_n32_dyo78,smolvlm2_256m,"{""dynamicOption"": 7, ""n_prompt"": 1024, ""n_gen"": 128}",tg,128,41.22,0.14,0.33964095099466285,7,1024,128
pn_sweep_step-p64-n32_n32_dyo78,smolvlm2_256m,"{""dynamicOption"": 8, ""n_prompt"": 64, ""n_gen"": 128}",tg,128,41.6,0.09,0.21634615384615383,8,64,128
pn_sweep_step-p64-n32_n32_dyo78,smolvlm2_256m,"{""dynamicOption"": 8, ""n_prompt"": 128, ""n_gen"": 128}",tg,128,41.8,0.14,0.3349282296650718,8,128,128
pn_sweep_step-p64-n32_n32_dyo78,smolvlm2_256m,"{""dynamicOption"": 8, ""n_prompt"": 192, ""n_gen"": 128}",tg,128,41.76,0.11,0.26340996168582376,8,192,128
pn_sweep_step-p64-n32_n32_dyo78,smolvlm2_256m,"{""dynamicOption"": 8, ""n_prompt"": 256, ""n_gen"": 128}",tg,128,41.39,0.04,0.09664170089393573,8,256,128
pn_sweep_step-p64-n32_n32_dyo78,smolvlm2_256m,"{""dynamicOption"": 8, ""n_prompt"": 320, ""n_gen"": 128}",tg,128,41.69,0.07,0.16790597265531304,8,320,128
pn_sweep_step-p64-n32_n32_dyo78,smolvlm2_256m,"{""dynamicOption"": 8, ""n_prompt"": 384, ""n_gen"": 128}",tg,128,41.56,0.07,0.16843118383060637,8,384,128
pn_sweep_step-p64-n32_n32_dyo78,smolvlm2_256m,"{""dynamicOption"": 8, ""n_prompt"": 448, ""n_gen"": 128}",tg,128,41.72,0.06,0.14381591562799617,8,448,128
pn_sweep_step-p64-n32_n32_dyo78,smolvlm2_256m,"{""dynamicOption"": 8, ""n_prompt"": 512, ""n_gen"": 128}",tg,128,41.95,0.03,0.07151370679380213,8,512,128
pn_sweep_step-p64-n32_n32_dyo78,smolvlm2_256m,"{""dynamicOption"": 8, ""n_prompt"": 576, ""n_gen"": 128}",tg,128,41.8,0.21,0.5023923444976076,8,576,128
pn_sweep_step-p64-n32_n32_dyo78,smolvlm2_256m,"{""dynamicOption"": 8, ""n_prompt"": 640, ""n_gen"": 128}",tg,128,41.9,0.07,0.16706443914081145,8,640,128
pn_sweep_step-p64-n32_n32_dyo78,smolvlm2_256m,"{""dynamicOption"": 8, ""n_prompt"": 704, ""n_gen"": 128}",tg,128,41.57,0.08,0.19244647582391147,8,704,128
pn_sweep_step-p64-n32_n32_dyo78,smolvlm2_256m,"{""dynamicOption"": 8, ""n_prompt"": 768, ""n_gen"": 128}",tg,128,40.77,0.23,0.5641402992396369,8,768,128
pn_sweep_step-p64-n32_n32_dyo78,smolvlm2_256m,"{""dynamicOption"": 8, ""n_prompt"": 832, ""n_gen"": 128}",tg,128,41.82,0.05,0.11956001912960307,8,832,128
pn_sweep_step-p64-n32_n32_dyo78,smolvlm2_256m,"{""dynamicOption"": 8, ""n_prompt"": 896, ""n_gen"": 128}",tg,128,42.15,0.05,0.11862396204033215,8,896,128
pn_sweep_step-p64-n32_n32_dyo78,smolvlm2_256m,"{""dynamicOption"": 8, ""n_prompt"": 960, ""n_gen"": 128}",tg,128,42.01,0.11,0.26184241847179246,8,960,128
pn_sweep_step-p64-n32_n32_dyo78,smolvlm2_256m,"{""dynamicOption"": 8, ""n_prompt"": 1024, ""n_gen"": 128}",tg,128,41.9,0.08,0.1909307875894988,8,1024,128
pn_sweep_step-p64-n32_n32_dyo78,smolvlm2_256m,"{""dynamicOption"": 7, ""n_prompt"": 64, ""n_gen"": 32}",tg,32,42.92,0.09,0.2096924510717614,7,64,32
pn_sweep_step-p64-n32_n32_dyo78,smolvlm2_256m,"{""dynamicOption"": 7, ""n_prompt"": 128, ""n_gen"": 32}",tg,32,42.31,0.53,1.2526589458756796,7,128,32
pn_sweep_step-p64-n32_n32_dyo78,smolvlm2_256m,"{""dynamicOption"": 7, ""n_prompt"": 192, ""n_gen"": 32}",tg,32,42.92,0.08,0.1863932898415657,7,192,32
pn_sweep_step-p64-n32_n32_dyo78,smolvlm2_256m,"{""dynamicOption"": 7, ""n_prompt"": 256, ""n_gen"": 32}",tg,32,41.96,0.04,0.09532888465204957,7,256,32
pn_sweep_step-p64-n32_n32_dyo78,smolvlm2_256m,"{""dynamicOption"": 7, ""n_prompt"": 320, ""n_gen"": 32}",tg,32,42.68,0.09,0.21087160262417992,7,320,32
pn_sweep_step-p64-n32_n32_dyo78,smolvlm2_256m,"{""dynamicOption"": 7, ""n_prompt"": 384, ""n_gen"": 32}",tg,32,41.66,0.09,0.21603456553048486,7,384,32
pn_sweep_step-p64-n32_n32_dyo78,smolvlm2_256m,"{""dynamicOption"": 7, ""n_prompt"": 448, ""n_gen"": 32}",tg,32,42.78,0.07,0.16362786348761105,7,448,32
pn_sweep_step-p64-n32_n32_dyo78,smolvlm2_256m,"{""dynamicOption"": 7, ""n_prompt"": 512, ""n_gen"": 32}",tg,32,41.98,0.04,0.09528346831824679,7,512,32
pn_sweep_step-p64-n32_n32_dyo78,smolvlm2_256m,"{""dynamicOption"": 7, ""n_prompt"": 576, ""n_gen"": 32}",tg,32,41.6,0.15,0.3605769230769231,7,576,32
pn_sweep_step-p64-n32_n32_dyo78,smolvlm2_256m,"{""dynamicOption"": 7, ""n_prompt"": 640, ""n_gen"": 32}",tg,32,42.91,0.1,0.23304591004427874,7,640,32
pn_sweep_step-p64-n32_n32_dyo78,smolvlm2_256m,"{""dynamicOption"": 7, ""n_prompt"": 704, ""n_gen"": 32}",tg,32,42.58,0.41,0.9628933771723814,7,704,32
pn_sweep_step-p64-n32_n32_dyo78,smolvlm2_256m,"{""dynamicOption"": 7, ""n_prompt"": 768, ""n_gen"": 32}",tg,32,42.28,0.13,0.30747398297067174,7,768,32
pn_sweep_step-p64-n32_n32_dyo78,smolvlm2_256m,"{""dynamicOption"": 7, ""n_prompt"": 832, ""n_gen"": 32}",tg,32,42.16,0.08,0.189753320683112,7,832,32
pn_sweep_step-p64-n32_n32_dyo78,smolvlm2_256m,"{""dynamicOption"": 7, ""n_prompt"": 896, ""n_gen"": 32}",tg,32,42.79,0.13,0.30380930123860717,7,896,32
pn_sweep_step-p64-n32_n32_dyo78,smolvlm2_256m,"{""dynamicOption"": 7, ""n_prompt"": 960, ""n_gen"": 32}",tg,32,42.1,0.38,0.9026128266033254,7,960,32
pn_sweep_step-p64-n32_n32_dyo78,smolvlm2_256m,"{""dynamicOption"": 7, ""n_prompt"": 1024, ""n_gen"": 32}",tg,32,42.63,0.11,0.2580342481820314,7,1024,32
pn_sweep_step-p64-n32_n32_dyo78,smolvlm2_256m,"{""dynamicOption"": 8, ""n_prompt"": 64, ""n_gen"": 32}",tg,32,43.02,0.1,0.23245002324500233,8,64,32
pn_sweep_step-p64-n32_n32_dyo78,smolvlm2_256m,"{""dynamicOption"": 8, ""n_prompt"": 128, ""n_gen"": 32}",tg,32,43.23,0.1,0.23132084200786496,8,128,32
pn_sweep_step-p64-n32_n32_dyo78,smolvlm2_256m,"{""dynamicOption"": 8, ""n_prompt"": 192, ""n_gen"": 32}",tg,32,42.74,0.04,0.09358914365933552,8,192,32
pn_sweep_step-p64-n32_n32_dyo78,smolvlm2_256m,"{""dynamicOption"": 8, ""n_prompt"": 256, ""n_gen"": 32}",tg,32,42.87,0.02,0.046652670865407045,8,256,32
pn_sweep_step-p64-n32_n32_dyo78,smolvlm2_256m,"{""dynamicOption"": 8, ""n_prompt"": 320, ""n_gen"": 32}",tg,32,42.14,0.08,0.18984337921214997,8,320,32
pn_sweep_step-p64-n32_n32_dyo78,smolvlm2_256m,"{""dynamicOption"": 8, ""n_prompt"": 384, ""n_gen"": 32}",tg,32,43.03,0.04,0.09295840111550081,8,384,32
pn_sweep_step-p64-n32_n32_dyo78,smolvlm2_256m,"{""dynamicOption"": 8, ""n_prompt"": 448, ""n_gen"": 32}",tg,32,42.87,0.04,0.09330534173081409,8,448,32
pn_sweep_step-p64-n32_n32_dyo78,smolvlm2_256m,"{""dynamicOption"": 8, ""n_prompt"": 512, ""n_gen"": 32}",tg,32,41.96,0.19,0.4528122020972355,8,512,32
pn_sweep_step-p64-n32_n32_dyo78,smolvlm2_256m,"{""dynamicOption"": 8, ""n_prompt"": 576, ""n_gen"": 32}",tg,32,41.89,0.08,0.190976366674624,8,576,32
pn_sweep_step-p64-n32_n32_dyo78,smolvlm2_256m,"{""dynamicOption"": 8, ""n_prompt"": 640, ""n_gen"": 32}",tg,32,42.14,0.06,0.14238253440911247,8,640,32
pn_sweep_step-p64-n32_n32_dyo78,smolvlm2_256m,"{""dynamicOption"": 8, ""n_prompt"": 704, ""n_gen"": 32}",tg,32,42.94,0.02,0.04657661853749418,8,704,32
pn_sweep_step-p64-n32_n32_dyo78,smolvlm2_256m,"{""dynamicOption"": 8, ""n_prompt"": 768, ""n_gen"": 32}",tg,32,43.14,0.05,0.11590171534538712,8,768,32
pn_sweep_step-p64-n32_n32_dyo78,smolvlm2_256m,"{""dynamicOption"": 8, ""n_prompt"": 832, ""n_gen"": 32}",tg,32,43.25,0.08,0.18497109826589594,8,832,32
pn_sweep_step-p64-n32_n32_dyo78,smolvlm2_256m,"{""dynamicOption"": 8, ""n_prompt"": 896, ""n_gen"": 32}",tg,32,42.91,0.21,0.4893964110929854,8,896,32
pn_sweep_step-p64-n32_n32_dyo78,smolvlm2_256m,"{""dynamicOption"": 8, ""n_prompt"": 960, ""n_gen"": 32}",tg,32,42.73,0.06,0.14041656915516032,8,960,32
pn_sweep_step-p64-n32_n32_dyo78,smolvlm2_256m,"{""dynamicOption"": 8, ""n_prompt"": 1024, ""n_gen"": 32}",tg,32,42.71,0.07,0.16389604308124564,8,1024,32
pn_sweep_step-p64-n32_n32_dyo78,smolvlm2_256m,"{""dynamicOption"": 7, ""n_prompt"": 64, ""n_gen"": 64}",tg,64,42.25,0.04,0.09467455621301775,7,64,64
pn_sweep_step-p64-n32_n32_dyo78,smolvlm2_256m,"{""dynamicOption"": 7, ""n_prompt"": 128, ""n_gen"": 64}",tg,64,42.02,0.16,0.38077106139933364,7,128,64
pn_sweep_step-p64-n32_n32_dyo78,smolvlm2_256m,"{""dynamicOption"": 7, ""n_prompt"": 192, ""n_gen"": 64}",tg,64,42.69,0.03,0.07027406886858749,7,192,64
pn_sweep_step-p64-n32_n32_dyo78,smolvlm2_256m,"{""dynamicOption"": 7, ""n_prompt"": 256, ""n_gen"": 64}",tg,64,41.82,0.13,0.31085604973696795,7,256,64
pn_sweep_step-p64-n32_n32_dyo78,smolvlm2_256m,"{""dynamicOption"": 7, ""n_prompt"": 320, ""n_gen"": 64}",tg,64,42.29,0.17,0.4019862851738,7,320,64
pn_sweep_step-p64-n32_n32_dyo78,smolvlm2_256m,"{""dynamicOption"": 7, ""n_prompt"": 384, ""n_gen"": 64}",tg,64,42.76,0.05,0.11693171188026194,7,384,64
pn_sweep_step-p64-n32_n32_dyo78,smolvlm2_256m,"{""dynamicOption"": 7, ""n_prompt"": 448, ""n_gen"": 64}",tg,64,42.23,0.27,0.6393559081221881,7,448,64
pn_sweep_step-p64-n32_n32_dyo78,smolvlm2_256m,"{""dynamicOption"": 7, ""n_prompt"": 512, ""n_gen"": 64}",tg,64,42.67,0.07,0.1640496836184673,7,512,64
pn_sweep_step-p64-n32_n32_dyo78,smolvlm2_256m,"{""dynamicOption"": 7, ""n_prompt"": 576, ""n_gen"": 64}",tg,64,42.35,0.33,0.7792207792207793,7,576,64
pn_sweep_step-p64-n32_n32_dyo78,smolvlm2_256m,"{""dynamicOption"": 7, ""n_prompt"": 640, ""n_gen"": 64}",tg,64,41.86,0.1,0.23889154323936934,7,640,64
pn_sweep_step-p64-n32_n32_dyo78,smolvlm2_256m,"{""dynamicOption"": 7, ""n_prompt"": 704, ""n_gen"": 64}",tg,64,42.78,0.05,0.1168770453482936,7,704,64
pn_sweep_step-p64-n32_n32_dyo78,smolvlm2_256m,"{""dynamicOption"": 7, ""n_prompt"": 768, ""n_gen"": 64}",tg,64,42.45,0.05,0.11778563015312131,7,768,64
pn_sweep_step-p64-n32_n32_dyo78,smolvlm2_256m,"{""dynamicOption"": 7, ""n_prompt"": 832, ""n_gen"": 64}",tg,64,41.84,0.02,0.04780114722753346,7,832,64
pn_sweep_step-p64-n32_n32_dyo78,smolvlm2_256m,"{""dynamicOption"": 7, ""n_prompt"": 896, ""n_gen"": 64}",tg,64,41.52,0.06,0.1445086705202312,7,896,64
pn_sweep_step-p64-n32_n32_dyo78,smolvlm2_256m,"{""dynamicOption"": 7, ""n_prompt"": 960, ""n_gen"": 64}",tg,64,42.02,0.27,0.6425511661113755,7,960,64
pn_sweep_step-p64-n32_n32_dyo78,smolvlm2_256m,"{""dynamicOption"": 7, ""n_prompt"": 1024, ""n_gen"": 64}",tg,64,41.57,0.05,0.12027904738994469,7,1024,64
pn_sweep_step-p64-n32_n32_dyo78,smolvlm2_256m,"{""dynamicOption"": 8, ""n_prompt"": 64, ""n_gen"": 64}",tg,64,42.85,0.13,0.3033838973162194,8,64,64
pn_sweep_step-p64-n32_n32_dyo78,smolvlm2_256m,"{""dynamicOption"": 8, ""n_prompt"": 128, ""n_gen"": 64}",tg,64,42.59,0.07,0.1643578304766377,8,128,64
pn_sweep_step-p64-n32_n32_dyo78,smolvlm2_256m,"{""dynamicOption"": 8, ""n_prompt"": 192, ""n_gen"": 64}",tg,64,42.66,0.04,0.09376465072667604,8,192,64
pn_sweep_step-p64-n32_n32_dyo78,smolvlm2_256m,"{""dynamicOption"": 8, ""n_prompt"": 256, ""n_gen"": 64}",tg,64,42.05,0.12,0.2853745541022592,8,256,64
pn_sweep_step-p64-n32_n32_dyo78,smolvlm2_256m,"{""dynamicOption"": 8, ""n_prompt"": 320, ""n_gen"": 64}",tg,64,42.02,0.09,0.21418372203712513,8,320,64
pn_sweep_step-p64-n32_n32_dyo78,smolvlm2_256m,"{""dynamicOption"": 8, ""n_prompt"": 384, ""n_gen"": 64}",tg,64,42.96,0.11,0.25605214152700184,8,384,64
pn_sweep_step-p64-n32_n32_dyo78,smolvlm2_256m,"{""dynamicOption"": 8, ""n_prompt"": 448, ""n_gen"": 64}",tg,64,42.83,0.07,0.16343684333411163,8,448,64
pn_sweep_step-p64-n32_n32_dyo78,smolvlm2_256m,"{""dynamicOption"": 8, ""n_prompt"": 512, ""n_gen"": 64}",tg,64,42.8,0.06,0.14018691588785048,8,512,64
pn_sweep_step-p64-n32_n32_dyo78,smolvlm2_256m,"{""dynamicOption"": 8, ""n_prompt"": 576, ""n_gen"": 64}",tg,64,42.4,0.35,0.8254716981132075,8,576,64
pn_sweep_step-p64-n32_n32_dyo78,smolvlm2_256m,"{""dynamicOption"": 8, ""n_prompt"": 640, ""n_gen"": 64}",tg,64,42.44,0.04,0.09425070688030161,8,640,64
pn_sweep_step-p64-n32_n32_dyo78,smolvlm2_256m,"{""dynamicOption"": 8, ""n_prompt"": 704, ""n_gen"": 64}",tg,64,42.0,0.17,0.4047619047619048,8,704,64
pn_sweep_step-p64-n32_n32_dyo78,smolvlm2_256m,"{""dynamicOption"": 8, ""n_prompt"": 768, ""n_gen"": 64}",tg,64,41.74,0.04,0.095831336847149,8,768,64
pn_sweep_step-p64-n32_n32_dyo78,smolvlm2_256m,"{""dynamicOption"": 8, ""n_prompt"": 832, ""n_gen"": 64}",tg,64,42.23,0.03,0.07103954534690979,8,832,64
pn_sweep_step-p64-n32_n32_dyo78,smolvlm2_256m,"{""dynamicOption"": 8, ""n_prompt"": 896, ""n_gen"": 64}",tg,64,41.35,0.03,0.07255139056831922,8,896,64
pn_sweep_step-p64-n32_n32_dyo78,smolvlm2_256m,"{""dynamicOption"": 8, ""n_prompt"": 960, ""n_gen"": 64}",tg,64,42.55,0.15,0.35252643948296125,8,960,64
pn_sweep_step-p64-n32_n32_dyo78,smolvlm2_256m,"{""dynamicOption"": 8, ""n_prompt"": 1024, ""n_gen"": 64}",tg,64,42.37,0.15,0.35402407363700733,8,1024,64
pn_sweep_step-p64-n32_n32_dyo78,smolvlm2_256m,"{""dynamicOption"": 7, ""n_prompt"": 64, ""n_gen"": 96}",tg,96,41.77,0.37,0.8858032080440507,7,64,96
pn_sweep_step-p64-n32_n32_dyo78,smolvlm2_256m,"{""dynamicOption"": 7, ""n_prompt"": 128, ""n_gen"": 96}",tg,96,40.94,0.11,0.26868588177821207,7,128,96
pn_sweep_step-p64-n32_n32_dyo78,smolvlm2_256m,"{""dynamicOption"": 7, ""n_prompt"": 192, ""n_gen"": 96}",tg,96,41.67,0.05,0.11999040076793857,7,192,96
pn_sweep_step-p64-n32_n32_dyo78,smolvlm2_256m,"{""dynamicOption"": 7, ""n_prompt"": 256, ""n_gen"": 96}",tg,96,41.44,0.18,0.4343629343629344,7,256,96
pn_sweep_step-p64-n32_n32_dyo78,smolvlm2_256m,"{""dynamicOption"": 7, ""n_prompt"": 320, ""n_gen"": 96}",tg,96,40.82,0.04,0.09799118079372857,7,320,96
pn_sweep_step-p64-n32_n32_dyo78,smolvlm2_256m,"{""dynamicOption"": 7, ""n_prompt"": 384, ""n_gen"": 96}",tg,96,41.61,0.15,0.3604902667627974,7,384,96
pn_sweep_step-p64-n32_n32_dyo78,smolvlm2_256m,"{""dynamicOption"": 7, ""n_prompt"": 448, ""n_gen"": 96}",tg,96,42.22,0.05,0.11842728564661299,7,448,96
pn_sweep_step-p64-n32_n32_dyo78,smolvlm2_256m,"{""dynamicOption"": 7, ""n_prompt"": 512, ""n_gen"": 96}",tg,96,40.84,0.1,0.24485798237022524,7,512,96
pn_sweep_step-p64-n32_n32_dyo78,smolvlm2_256m,"{""dynamicOption"": 7, ""n_prompt"": 576, ""n_gen"": 96}",tg,96,41.77,0.21,0.5027531721331098,7,576,96
pn_sweep_step-p64-n32_n32_dyo78,smolvlm2_256m,"{""dynamicOption"": 7, ""n_prompt"": 640, ""n_gen"": 96}",tg,96,41.42,0.1,0.24142926122646063,7,640,96
pn_sweep_step-p64-n32_n32_dyo78,smolvlm2_256m,"{""dynamicOption"": 7, ""n_prompt"": 704, ""n_gen"": 96}",tg,96,40.95,0.08,0.19536019536019536,7,704,96
pn_sweep_step-p64-n32_n32_dyo78,smolvlm2_256m,"{""dynamicOption"": 7, ""n_prompt"": 768, ""n_gen"": 96}",tg,96,41.09,0.54,1.3141883669992698,7,768,96
pn_sweep_step-p64-n32_n32_dyo78,smolvlm2_256m,"{""dynamicOption"": 7, ""n_prompt"": 832, ""n_gen"": 96}",tg,96,41.37,0.1,0.24172105390379506,7,832,96
pn_sweep_step-p64-n32_n32_dyo78,smolvlm2_256m,"{""dynamicOption"": 7, ""n_prompt"": 896, ""n_gen"": 96}",tg,96,42.2,0.02,0.04739336492890995,7,896,96
pn_sweep_step-p64-n32_n32_dyo78,smolvlm2_256m,"{""dynamicOption"": 7, ""n_prompt"": 960, ""n_gen"": 96}",tg,96,41.25,0.03,0.07272727272727272,7,960,96
pn_sweep_step-p64-n32_n32_dyo78,smolvlm2_256m,"{""dynamicOption"": 7, ""n_prompt"": 1024, ""n_gen"": 96}",tg,96,41.24,0.04,0.09699321047526674,7,1024,96
pn_sweep_step-p64-n32_n32_dyo78,smolvlm2_256m,"{""dynamicOption"": 8, ""n_prompt"": 64, ""n_gen"": 96}",tg,96,42.03,0.05,0.11896264572924102,8,64,96
pn_sweep_step-p64-n32_n32_dyo78,smolvlm2_256m,"{""dynamicOption"": 8, ""n_prompt"": 128, ""n_gen"": 96}",tg,96,41.85,0.09,0.21505376344086022,8,128,96
pn_sweep_step-p64-n32_n32_dyo78,smolvlm2_256m,"{""dynamicOption"": 8, ""n_prompt"": 192, ""n_gen"": 96}",tg,96,41.09,0.1,0.24336821611097592,8,192,96
pn_sweep_step-p64-n32_n32_dyo78,smolvlm2_256m,"{""dynamicOption"": 8, ""n_prompt"": 256, ""n_gen"": 96}",tg,96,42.16,0.03,0.07115749525616698,8,256,96
pn_sweep_step-p64-n32_n32_dyo78,smolvlm2_256m,"{""dynamicOption"": 8, ""n_prompt"": 320, ""n_gen"": 96}",tg,96,42.07,0.03,0.07130972189208462,8,320,96
pn_sweep_step-p64-n32_n32_dyo78,smolvlm2_256m,"{""dynamicOption"": 8, ""n_prompt"": 384, ""n_gen"": 96}",tg,96,41.89,0.08,0.190976366674624,8,384,96
pn_sweep_step-p64-n32_n32_dyo78,smolvlm2_256m,"{""dynamicOption"": 8, ""n_prompt"": 448, ""n_gen"": 96}",tg,96,42.15,0.11,0.2609727164887307,8,448,96
pn_sweep_step-p64-n32_n32_dyo78,smolvlm2_256m,"{""dynamicOption"": 8, ""n_prompt"": 512, ""n_gen"": 96}",tg,96,42.14,0.05,0.11865211200759374,8,512,96
pn_sweep_step-p64-n32_n32_dyo78,smolvlm2_256m,"{""dynamicOption"": 8, ""n_prompt"": 576, ""n_gen"": 96}",tg,96,41.53,0.07,0.1685528533590176,8,576,96
pn_sweep_step-p64-n32_n32_dyo78,smolvlm2_256m,"{""dynamicOption"": 8, ""n_prompt"": 640, ""n_gen"": 96}",tg,96,40.99,0.05,0.12198097096852892,8,640,96
pn_sweep_step-p64-n32_n32_dyo78,smolvlm2_256m,"{""dynamicOption"": 8, ""n_prompt"": 704, ""n_gen"": 96}",tg,96,41.62,0.27,0.6487265737626142,8,704,96
pn_sweep_step-p64-n32_n32_dyo78,smolvlm2_256m,"{""dynamicOption"": 8, ""n_prompt"": 768, ""n_gen"": 96}",tg,96,41.96,0.04,0.09532888465204957,8,768,96
pn_sweep_step-p64-n32_n32_dyo78,smolvlm2_256m,"{""dynamicOption"": 8, ""n_prompt"": 832, ""n_gen"": 96}",tg,96,41.89,0.31,0.740033420864168,8,832,96
pn_sweep_step-p64-n32_n32_dyo78,smolvlm2_256m,"{""dynamicOption"": 8, ""n_prompt"": 896, ""n_gen"": 96}",tg,96,42.06,0.06,0.1426533523537803,8,896,96
pn_sweep_step-p64-n32_n32_dyo78,smolvlm2_256m,"{""dynamicOption"": 8, ""n_prompt"": 960, ""n_gen"": 96}",tg,96,41.74,0.05,0.11978917105893627,8,960,96
pn_sweep_step-p64-n32_n32_dyo78,smolvlm2_256m,"{""dynamicOption"": 8, ""n_prompt"": 1024, ""n_gen"": 96}",tg,96,42.07,0.12,0.2852388875683385,8,1024,96
